{"lc101.dat": [[12.912380933761597, 524.65, 0.0], [11.678351163864136, 524.65, 0.0], [21.44970393180847, 820.56, 0.0], [47.384591817855835, 814.3999999999999, 0.0]], "lc102.dat": [[553.0996851921082, 942.43, 0.0], [276.9070589542389, 942.43, 0.0], [1000.3116600513458, 958.03, 0.011095685938853685], [451.20394802093506, 958.03, 0.0]], "lc103.dat": [[1000.3101651668549, 688.0199999999999, 0.09225022528414877], [340.1235120296478, 671.2399999999999, 0.0], [1000.3031170368195, 671.2399999999999, 0.030287229604910374], [266.3395380973816, 671.2399999999999, 0.0]], "lc104.dat": [[7.520739793777466, 633.64, 0.0], [5.062180995941162, 618.77, 0.0], [10.876739978790283, 648.8699999999999, 0.0], [6.019298076629639, 618.77, 0.0]]}