{"AA": [45.0, 68.0], "AB": [42.0, 66.0], "AC": [42.0, 68.0], "AD": [42.0, 65.0], "AE": [40.0, 66.0], "AF": [35.0, 66.0], "AG": [22.0, 75.0], "AH": [45.0, 70.0], "AI": [40.0, 69.0], "AJ": [38.0, 68.0], "AK": [38.0, 70.0], "AL": [35.0, 69.0], "AM": [25.0, 85.0], "AN": [22.0, 85.0], "AO": [39.5419922180878, 75.94651874280535], "AP": [22.708202621948537, 77.25188178053915], "AQ": [44.01487735537616, 68.39603684709037], "AR": [35.731790159914766, 77.03257902785649], "AS": [36.99364052161556, 68.81051271419099], "AT": [29.00646315370642, 73.34553382121831], "AU": [38.585161159554964, 70.13457310627389], "AV": [27.660176288522027, 80.03591219770954], "AW": [43.67952060180632, 65.96504471811632], "AX": [27.962376844685778, 72.22519029652331], "AY": [32.52282293263046, 73.35751532023798], "AZ": [35.6259118344536, 81.27296110564859], "BA": [35.62616552089048, 68.38409877899147], "BB": [27.04439828883267, 78.15993044535954]}