{"AA": [45.0, 68.0], "AB": [42.0, 66.0], "AC": [42.0, 65.0], "AD": [40.0, 69.0], "AE": [40.0, 66.0], "AF": [38.0, 68.0], "AG": [22.0, 75.0], "AH": [45.0, 70.0], "AI": [42.0, 68.0], "AJ": [38.0, 70.0], "AK": [35.0, 66.0], "AL": [35.0, 69.0], "AM": [25.0, 85.0], "AN": [22.0, 85.0], "AO": [30.618567630590988, 82.75454131575134], "AP": [41.64328238378161, 76.91499395427361], "AQ": [38.89327002897886, 77.59455447832117], "AR": [36.782716028524774, 84.06088835136374], "AS": [23.54289984439137, 69.73043881837553], "AT": [42.34122720535207, 67.79599331162], "AU": [28.281047216637266, 81.70884813125076], "AV": [29.760620328421275, 73.58290096074006], "AW": [40.04845754664335, 65.69026081194781], "AX": [25.079563153281484, 83.75567449512255], "AY": [27.210171251036215, 83.14833102483922], "AZ": [22.06114102012841, 82.98261076150519], "BA": [39.985544246462524, 73.26395796817997], "BB": [24.85140578912255, 77.5676293075884]}