{"AA": [45.0, 70.0], "AB": [42.0, 66.0], "AC": [42.0, 65.0], "AD": [40.0, 66.0], "AE": [35.0, 69.0], "AF": [25.0, 85.0], "AG": [22.0, 75.0], "AH": [45.0, 68.0], "AI": [42.0, 68.0], "AJ": [40.0, 69.0], "AK": [38.0, 68.0], "AL": [38.0, 70.0], "AM": [35.0, 66.0], "AN": [20.0, 80.0], "AO": [30.192650297360053, 83.89494718602975], "AP": [25.483453271289555, 71.79613608502731], "AQ": [25.0307068163565, 65.65710813077158], "AR": [42.48495972568773, 76.85147199783982], "AS": [22.36885668589687, 70.28743093396844], "AT": [42.81299596665766, 78.3028692804956], "AU": [27.744987683950335, 71.50628054506811], "AV": [20.35531153989468, 81.32209657810621], "AW": [27.20031283542719, 84.31657053540003], "AX": [33.234058628431605, 84.80265832391879], "AY": [23.507828390119826, 69.38073962465066], "AZ": [36.87110255000276, 70.91734491570881], "BA": [35.49902048521074, 76.72963536165506], "BB": [36.2395336509107, 75.16330275653584]}