{"AA": [45.0, 68.0], "AB": [42.0, 65.0], "AC": [40.0, 66.0], "AD": [38.0, 68.0], "AE": [38.0, 70.0], "AF": [35.0, 69.0], "AG": [22.0, 75.0], "AH": [45.0, 70.0], "AI": [42.0, 66.0], "AJ": [42.0, 68.0], "AK": [40.0, 69.0], "AL": [35.0, 66.0], "AM": [25.0, 85.0], "AN": [22.0, 85.0], "AO": [28.86331176354522, 71.867423534109], "AP": [27.164995696903564, 69.43347260120058], "AQ": [26.71873348617882, 75.9266000331278], "AR": [41.667704637871466, 81.48492221505767], "AS": [42.605578543038135, 81.50479791993362], "AT": [35.042162254873126, 81.71019025046783], "AU": [42.904026100214246, 80.2398643000142], "AV": [28.649976860897407, 77.96657593255588], "AW": [43.68695216975784, 78.5838234378368], "AX": [38.92852674874269, 78.38518667927073], "AY": [31.468348992718823, 76.72458631973686], "AZ": [22.3254125375385, 81.42471449562233], "BA": [39.40021228292763, 72.08201509237414], "BB": [36.56052891872547, 71.8737167807632]}