{"AA": [42.0, 66.0], "AB": [42.0, 65.0], "AC": [40.0, 69.0], "AD": [40.0, 66.0], "AE": [38.0, 68.0], "AF": [38.0, 70.0], "AG": [22.0, 75.0], "AH": [45.0, 68.0], "AI": [45.0, 70.0], "AJ": [42.0, 68.0], "AK": [35.0, 66.0], "AL": [35.0, 69.0], "AM": [25.0, 85.0], "AN": [22.0, 85.0], "AO": [31.10102998996109, 82.81244542551966], "AP": [33.83326093652696, 75.38089971198777], "AQ": [30.24572862221418, 74.66813424347147], "AR": [42.861973998163634, 71.53545182384224], "AS": [26.215253708185998, 70.61160680408523], "AT": [29.77494095050349, 77.70250620782176], "AU": [42.80143329210517, 73.90836299885295], "AV": [39.15729995427304, 77.58263952208574], "AW": [25.371354139750682, 67.92800501241487], "AX": [22.589655235384, 82.26915297612373], "AY": [32.00067945388038, 77.01579802348975], "AZ": [30.99904662611992, 69.60871930484102], "BA": [25.44510750856733, 75.17690029647713], "BB": [24.665890376228987, 83.97633471102965]}