{"AA": [45.0, 68.0], "AB": [42.0, 65.0], "AC": [40.0, 69.0], "AD": [40.0, 66.0], "AE": [38.0, 68.0], "AF": [35.0, 66.0], "AG": [22.0, 75.0], "AH": [45.0, 70.0], "AI": [42.0, 66.0], "AJ": [42.0, 68.0], "AK": [38.0, 70.0], "AL": [35.0, 69.0], "AM": [25.0, 85.0], "AN": [22.0, 85.0], "AO": [40.85227194504326, 74.05909071155995], "AP": [37.4847646130624, 71.05799666574575], "AQ": [24.317114207901945, 73.51309950328469], "AR": [34.69585367225455, 83.28518823519981], "AS": [40.74784813526549, 80.27435250941511], "AT": [28.08203775999031, 72.13963247833374], "AU": [42.97940185425929, 71.73841966827119], "AV": [33.34862997559248, 83.60376463238322], "AW": [30.365664405318782, 81.98545339021247], "AX": [36.44591284513061, 84.18287633788927], "AY": [25.909591300429543, 75.29729722649212], "AZ": [39.84389660415187, 80.18106909742187], "BA": [24.227606166572293, 76.40880569261108], "BB": [40.59296010710187, 65.36842407813164]}