{"AA": [52.0, 75.0], "AB": [45.0, 70.0], "AC": [60.0, 66.0], "AD": [42.0, 65.0], "AE": [16.0, 42.0], "AF": [58.0, 70.0], "AG": [34.0, 60.0], "AH": [62.0, 69.0], "AI": [28.0, 70.0], "AJ": [35.0, 66.0], "AK": [35.0, 69.0], "AL": [25.0, 85.0], "AM": [22.0, 75.0], "AN": [20.0, 80.0], "AO": [31.65948542079164, 63.64302639211229], "AP": [50.319243278872996, 74.47905419409003], "AQ": [18.757532513348952, 74.03787542767233], "AR": [31.758674516049354, 77.058368318685], "AS": [41.48085214977492, 43.35335140376019], "AT": [36.376347594595906, 44.1427480953064], "AU": [61.25948242847784, 63.592422036913135], "AV": [33.05612104439542, 58.22408834854002], "AW": [31.63210183735245, 69.15356812026624], "AX": [54.01778400231692, 54.11071973152594], "AY": [29.968021005149946, 44.9319374513507], "AZ": [29.446137856895923, 81.16775197324246], "BA": [40.387787193247036, 63.53566478255899], "BB": [52.755382211610204, 59.66349786865509]}