{"AA": [52.0, 75.0], "AB": [45.0, 70.0], "AC": [62.0, 69.0], "AD": [60.0, 66.0], "AE": [42.0, 65.0], "AF": [16.0, 42.0], "AG": [35.0, 66.0], "AH": [58.0, 70.0], "AI": [34.0, 60.0], "AJ": [28.0, 70.0], "AK": [25.0, 85.0], "AL": [22.0, 75.0], "AM": [22.0, 85.0], "AN": [20.0, 80.0], "AO": [25.98635840358068, 62.9952343158459], "AP": [56.793955460252576, 50.76973914159507], "AQ": [40.9282531559888, 52.30816327342868], "AR": [56.59172104585672, 63.55251048771859], "AS": [16.02540183474699, 81.90589601937717], "AT": [26.764081355083825, 64.19707843042752], "AU": [44.28012433132821, 51.152417981162856], "AV": [37.85964957102065, 74.45811558424195], "AW": [40.57406995899186, 74.09200176518158], "AX": [27.67374376301041, 48.15414964672118], "AY": [18.657272901618274, 51.460393219088175], "AZ": [42.14363561730468, 77.01207279854992], "BA": [41.83617480913479, 72.91054323238949], "BB": [52.99378559803726, 69.00843647037627]}