{"AA": [52.0, 75.0], "AB": [45.0, 70.0], "AC": [60.0, 66.0], "AD": [42.0, 65.0], "AE": [16.0, 42.0], "AF": [25.0, 85.0], "AG": [22.0, 75.0], "AH": [62.0, 69.0], "AI": [58.0, 70.0], "AJ": [34.0, 60.0], "AK": [28.0, 70.0], "AL": [35.0, 66.0], "AM": [35.0, 69.0], "AN": [20.0, 80.0], "AO": [28.014078756210548, 67.4286108192178], "AP": [30.80857291894328, 75.28640725507262], "AQ": [36.48884206184087, 65.63677140055614], "AR": [32.751750744176704, 52.44236488591136], "AS": [59.22232711075554, 49.07877947035622], "AT": [23.293410111226986, 50.01424960572708], "AU": [60.399287205453284, 73.19100974056603], "AV": [48.95943812891743, 66.10157115031475], "AW": [29.422342451948325, 72.60237153626633], "AX": [51.39232414192602, 82.65433364815092], "AY": [47.53956172665248, 82.3437213399351], "AZ": [40.69565094058172, 53.35197067257779], "BA": [26.557105766024023, 58.12799085686217], "BB": [49.603885732747536, 84.67437535581928]}