{"AA": [52.0, 75.0], "AB": [45.0, 70.0], "AC": [60.0, 66.0], "AD": [42.0, 65.0], "AE": [28.0, 70.0], "AF": [35.0, 66.0], "AG": [25.0, 85.0], "AH": [62.0, 69.0], "AI": [16.0, 42.0], "AJ": [58.0, 70.0], "AK": [34.0, 60.0], "AL": [35.0, 69.0], "AM": [22.0, 75.0], "AN": [22.0, 85.0], "AO": [43.84470059283595, 53.63214466521663], "AP": [40.380320699680986, 42.89880452112904], "AQ": [24.81785085690415, 66.71970933138975], "AR": [55.13066930859255, 74.48629787143486], "AS": [19.516491155811025, 42.96306812237785], "AT": [45.37333121236571, 57.951466538067784], "AU": [17.665455016846924, 42.9329212744352], "AV": [38.147753742403474, 61.06698479230387], "AW": [48.88152870180548, 62.538417756222756], "AX": [36.503978661940195, 51.199653416110614], "AY": [57.029314115008965, 79.37627544513836], "AZ": [16.11448276413476, 56.01329923583123], "BA": [26.312791727040256, 84.47494344531094], "BB": [19.6583301327697, 79.19352649163878]}