{"AA": [52.0, 75.0], "AB": [45.0, 70.0], "AC": [62.0, 69.0], "AD": [60.0, 66.0], "AE": [42.0, 65.0], "AF": [16.0, 42.0], "AG": [35.0, 66.0], "AH": [58.0, 70.0], "AI": [34.0, 60.0], "AJ": [28.0, 70.0], "AK": [25.0, 85.0], "AL": [22.0, 75.0], "AM": [22.0, 85.0], "AN": [20.0, 80.0], "AO": [24.08684534312082, 68.1496258312771], "AP": [54.64943085933732, 57.502079560881306], "AQ": [30.670033744433553, 67.0029485424019], "AR": [46.63114098852101, 58.99395482896871], "AS": [55.10027594944076, 56.071492917770854], "AT": [17.928500430175514, 44.70307925781826], "AU": [19.816270505296515, 71.11057530565537], "AV": [21.742930338003656, 47.245160887897725], "AW": [22.76382832729748, 61.11470827428798], "AX": [16.82450641523489, 43.540267795086066], "AY": [48.910269337906435, 71.80853662173868], "AZ": [16.00886315564397, 59.065666087845], "BA": [49.52296300202264, 54.94197082452911], "BB": [37.27122241753648, 75.02086571264573]}