{"AA": [35.0, 17.0], "AB": [55.0, 45.0], "AC": [15.0, 30.0], "AD": [55.0, 60.0], "AE": [50.0, 35.0], "AF": [15.0, 10.0], "AG": [30.0, 5.0], "AH": [41.0, 49.0], "AI": [55.0, 20.0], "AJ": [25.0, 30.0], "AK": [20.0, 50.0], "AL": [10.0, 43.0], "AM": [30.0, 60.0], "AN": [20.0, 65.0], "AO": [45.66473576449779, 22.42330680125518], "AP": [40.66659217839329, 51.6145714282018], "AQ": [19.767533872135814, 14.511273397779668], "AR": [42.73397892249644, 56.042605594633784], "AS": [18.547430602805413, 15.568889333957392], "AT": [14.912660518048607, 16.40080858289964], "AU": [11.702253752921255, 59.71206373944212], "AV": [20.43111587578577, 20.510777136272473], "AW": [10.306005966892032, 27.234991697631298], "AX": [41.46132402463469, 17.6515417136078], "AY": [30.171607466664884, 32.41342294974406], "AZ": [32.716386021426786, 31.300411481459925], "BA": [12.882645896345853, 44.73450902253456], "BB": [54.09211552979816, 31.53996908913009]}