{"AA": [35.0, 17.0], "AB": [15.0, 30.0], "AC": [10.0, 43.0], "AD": [20.0, 65.0], "AE": [15.0, 10.0], "AF": [30.0, 5.0], "AG": [10.0, 20.0], "AH": [41.0, 49.0], "AI": [55.0, 45.0], "AJ": [55.0, 20.0], "AK": [25.0, 30.0], "AL": [20.0, 50.0], "AM": [55.0, 60.0], "AN": [30.0, 60.0], "AO": [22.040288855052566, 18.0241013084165], "AP": [48.94666377363108, 32.10881108333909], "AQ": [31.531156265602593, 58.34019183092582], "AR": [10.634571857666607, 19.45129484256038], "AS": [16.472596371444066, 46.71153762592498], "AT": [42.995357889174116, 43.5397288012617], "AU": [28.21181473799548, 63.211319082616974], "AV": [26.843259387069867, 51.612991438406176], "AW": [16.97455115687844, 8.529342376445545], "AX": [31.74598986365256, 64.36298544269152], "AY": [25.42504322462741, 5.14968444872538], "AZ": [54.688432144698886, 38.457353756929656], "BA": [44.6570004799128, 18.68943074206933], "BB": [43.85927111086215, 32.05640694470891]}