{"AA": [35.0, 17.0], "AB": [55.0, 45.0], "AC": [15.0, 30.0], "AD": [25.0, 30.0], "AE": [30.0, 60.0], "AF": [20.0, 65.0], "AG": [50.0, 35.0], "AH": [41.0, 49.0], "AI": [55.0, 20.0], "AJ": [20.0, 50.0], "AK": [10.0, 43.0], "AL": [55.0, 60.0], "AM": [30.0, 25.0], "AN": [15.0, 10.0], "AO": [40.42722566594183, 19.039573994787162], "AP": [46.02092825935942, 49.64944002942497], "AQ": [21.829930482476694, 17.24973690814032], "AR": [52.494919068873294, 55.16162272101541], "AS": [11.241416504890363, 62.23441671634319], "AT": [26.61876131218839, 43.995385397836664], "AU": [21.143680245994897, 42.80269902934543], "AV": [45.83002719353179, 32.80113598505825], "AW": [17.178573060207984, 23.089312115050383], "AX": [26.13779559421444, 40.712212744864715], "AY": [30.82238493574204, 58.377258312292], "AZ": [44.81719208755948, 35.43675401019263], "BA": [43.486464887915176, 19.560147513461757], "BB": [41.42422260374008, 55.06019592493596]}