{"AA": [35.0, 17.0], "AB": [15.0, 30.0], "AC": [25.0, 30.0], "AD": [20.0, 50.0], "AE": [55.0, 60.0], "AF": [30.0, 60.0], "AG": [30.0, 25.0], "AH": [41.0, 49.0], "AI": [55.0, 45.0], "AJ": [55.0, 20.0], "AK": [10.0, 43.0], "AL": [20.0, 65.0], "AM": [50.0, 35.0], "AN": [5.0, 30.0], "AO": [51.731091945433704, 53.40864273564354], "AP": [28.66643291429913, 22.42662317912163], "AQ": [11.159517320298457, 20.33073114394346], "AR": [30.991683905302704, 22.078258578820233], "AS": [22.396011111082366, 34.30930677469619], "AT": [14.680203622899198, 64.08874230046709], "AU": [31.39433398892989, 32.18185999982232], "AV": [54.917543900583425, 26.677176671177506], "AW": [52.541617215753675, 24.874675652375174], "AX": [51.276129271406035, 36.9345299810445], "AY": [33.60083507371978, 18.455994403959536], "AZ": [50.827000210445725, 24.5532249948391], "BA": [42.93109534461518, 59.04905009586207], "BB": [7.103678747576026, 48.865025173351654]}