{"AA": [41.0, 49.0], "AB": [35.0, 17.0], "AC": [20.0, 50.0], "AD": [10.0, 43.0], "AE": [55.0, 60.0], "AF": [20.0, 65.0], "AG": [15.0, 10.0], "AH": [55.0, 45.0], "AI": [55.0, 20.0], "AJ": [15.0, 30.0], "AK": [25.0, 30.0], "AL": [30.0, 60.0], "AM": [50.0, 35.0], "AN": [30.0, 25.0], "AO": [46.93635769650548, 37.86265011507996], "AP": [49.14242144949485, 37.33860422545887], "AQ": [33.76795243329016, 16.186656054449887], "AR": [31.308754847713306, 57.695528553906826], "AS": [52.7218455319594, 28.404331845486084], "AT": [22.625425405370105, 35.22570716968346], "AU": [23.066875270505932, 30.240314338624053], "AV": [10.469428131044817, 17.97865135836953], "AW": [41.03737760964125, 39.11612662268743], "AX": [19.50214663939121, 45.649276150588165], "AY": [33.2886844395848, 64.43404639745401], "AZ": [17.86826939204859, 57.66179794668045], "BA": [45.502818156778005, 38.35979424520636], "BB": [26.40030717838545, 24.32444408017379]}