{"AA": [20.0, 50.0], "AB": [10.0, 43.0], "AC": [55.0, 60.0], "AD": [20.0, 65.0], "AE": [50.0, 35.0], "AF": [30.0, 5.0], "AG": [10.0, 20.0], "AH": [41.0, 49.0], "AI": [35.0, 17.0], "AJ": [55.0, 45.0], "AK": [55.0, 20.0], "AL": [15.0, 30.0], "AM": [25.0, 30.0], "AN": [30.0, 60.0], "AO": [38.894972011692246, 5.765325260170073], "AP": [30.207359126824144, 61.97299857640958], "AQ": [39.36081193128766, 10.57820930125268], "AR": [23.324465798664747, 26.93177488726086], "AS": [31.277624315810836, 47.77093412215497], "AT": [35.31014500053786, 41.382957598014045], "AU": [25.942657336863036, 50.773489434160695], "AV": [36.25948234665242, 47.692235536458256], "AW": [27.29085417825913, 25.761519742378013], "AX": [24.028680090527374, 46.146985622215965], "AY": [10.430476801442229, 64.89909768080065], "AZ": [37.42665054723578, 16.751545876803732], "BA": [28.25814314767095, 60.73204526023991], "BB": [20.977476125764834, 41.96758590483147]}