{"AA": [41.0, 49.0], "AB": [35.0, 17.0], "AC": [55.0, 45.0], "AD": [55.0, 20.0], "AE": [25.0, 30.0], "AF": [20.0, 50.0], "AG": [20.0, 65.0], "AH": [15.0, 30.0], "AI": [10.0, 43.0], "AJ": [55.0, 60.0], "AK": [30.0, 60.0], "AL": [30.0, 5.0], "AM": [20.0, 40.0], "AN": [15.0, 60.0], "AO": [33.0292977440363, 40.156083043367396], "AP": [25.37578304160925, 23.744476260946932], "AQ": [10.452581991195629, 24.34120324734107], "AR": [37.593261959415656, 47.43376980714966], "AS": [19.30835513111436, 22.604801169895538], "AT": [30.30071368555859, 8.928815164245165], "AU": [15.68311728330185, 34.996265982000885], "AV": [42.45233615713962, 55.62248791454091], "AW": [25.842365515397567, 39.21692594477012], "AX": [51.62299228432792, 54.0406151032427], "AY": [32.121666849728555, 6.259884770296528], "AZ": [20.419559185790057, 51.60266165033499], "BA": [30.200941546574374, 62.45504227907857], "BB": [12.163749331590529, 25.249401373970834]}