{"AA": [41.0, 49.0], "AB": [35.0, 17.0], "AC": [55.0, 45.0], "AD": [55.0, 60.0], "AE": [30.0, 60.0], "AF": [20.0, 65.0], "AG": [30.0, 5.0], "AH": [55.0, 20.0], "AI": [15.0, 30.0], "AJ": [25.0, 30.0], "AK": [20.0, 50.0], "AL": [10.0, 43.0], "AM": [50.0, 35.0], "AN": [30.0, 25.0], "AO": [18.155182919356143, 17.113363620504025], "AP": [40.98169066950423, 27.424129283167893], "AQ": [44.24242383654898, 51.20889078755544], "AR": [39.12672663424591, 35.13535299009474], "AS": [51.06950306226052, 19.879493554414932], "AT": [31.285596776919462, 16.138138589576727], "AU": [38.758268518376404, 57.73484075066028], "AV": [17.009492724515496, 27.55737973193102], "AW": [18.332424509440095, 23.41740605943177], "AX": [51.856968412695636, 23.09430719191051], "AY": [41.790157129549456, 51.00358918501251], "AZ": [42.90257818916666, 34.06551229545249], "BA": [19.847579268807614, 16.33589817700122], "BB": [54.47507123340824, 26.927125562125532]}