{"AA": [35.0, 17.0], "AB": [15.0, 30.0], "AC": [10.0, 43.0], "AD": [30.0, 60.0], "AE": [50.0, 35.0], "AF": [15.0, 10.0], "AG": [30.0, 5.0], "AH": [41.0, 49.0], "AI": [55.0, 45.0], "AJ": [55.0, 20.0], "AK": [25.0, 30.0], "AL": [20.0, 50.0], "AM": [55.0, 60.0], "AN": [20.0, 65.0], "AO": [22.7428859541297, 9.178120380005105], "AP": [21.630425489961155, 38.060958143017615], "AQ": [13.316470477740996, 28.06733864871794], "AR": [32.00497751683494, 6.3590222465902], "AS": [16.33284240285453, 28.97354783897523], "AT": [16.53776747191427, 31.613321259797537], "AU": [50.35556362664754, 11.936139858350023], "AV": [26.01758262897179, 42.96323172315625], "AW": [21.65734565656851, 9.712243695310939], "AX": [49.13612422975894, 52.935817253764014], "AY": [47.91859954971985, 42.33126183666943], "AZ": [17.48542583858743, 23.474119663683965], "BA": [33.48903102638141, 52.75049363713047], "BB": [12.459889401823462, 29.59847185671596]}