{"AA": [35.0, 17.0], "AB": [55.0, 20.0], "AC": [20.0, 50.0], "AD": [10.0, 43.0], "AE": [55.0, 60.0], "AF": [30.0, 60.0], "AG": [50.0, 35.0], "AH": [41.0, 49.0], "AI": [55.0, 45.0], "AJ": [15.0, 30.0], "AK": [25.0, 30.0], "AL": [20.0, 65.0], "AM": [15.0, 10.0], "AN": [45.0, 65.0], "AO": [32.68763778079712, 46.63254717778235], "AP": [45.93287159442855, 62.540971617873076], "AQ": [38.46424426445648, 46.53355068360868], "AR": [23.12302933085408, 55.119966586564075], "AS": [49.63169844438105, 45.89889419743456], "AT": [14.198413321844065, 57.2922886255715], "AU": [21.440359148090344, 57.20844802294155], "AV": [20.122011889112414, 27.842689282046077], "AW": [22.492933715534143, 42.30005514942535], "AX": [41.93373965419487, 64.14032370027553], "AY": [50.93767201025007, 54.848910595676095], "AZ": [50.48106099531678, 29.655616538176037], "BA": [34.13788516587353, 31.081601242244997], "BB": [14.415146303773993, 59.3470755095773]}