{"AA": [25.0, 85.0], "AB": [20.0, 85.0], "AC": [15.0, 75.0], "AD": [15.0, 80.0], "AE": [10.0, 35.0], "AF": [10.0, 40.0], "AG": [8.0, 40.0], "AH": [22.0, 75.0], "AI": [22.0, 85.0], "AJ": [20.0, 80.0], "AK": [18.0, 75.0], "AL": [5.0, 35.0], "AM": [2.0, 40.0], "AN": [0.0, 40.0], "AO": [19.609717027125146, 58.131305217880914], "AP": [2.667059472776445, 38.372770306065384], "AQ": [24.7728184366537, 71.45792854519128], "AR": [21.361490815802455, 35.7412767277249], "AS": [20.424103182759215, 58.51355620646565], "AT": [18.59313667535163, 78.15393013119224], "AU": [5.700375231329913, 40.32217350422772], "AV": [14.946126003844523, 47.0703820269575], "AW": [22.993734287238542, 79.20764761122334], "AX": [18.38238279725649, 42.76140042757643], "AY": [18.878308668932185, 66.70130759192281], "AZ": [8.767393517623182, 49.439841646406656], "BA": [19.892631220937844, 38.23165200941174], "BB": [17.69156654993702, 62.444452488307846]}