{"AA": [25.0, 85.0], "AB": [22.0, 75.0], "AC": [20.0, 80.0], "AD": [18.0, 75.0], "AE": [15.0, 75.0], "AF": [15.0, 80.0], "AG": [10.0, 40.0], "AH": [22.0, 85.0], "AI": [20.0, 85.0], "AJ": [10.0, 35.0], "AK": [8.0, 45.0], "AL": [5.0, 35.0], "AM": [0.0, 45.0], "AN": [42.0, 15.0], "AO": [11.594926374095083, 42.05647459182734], "AP": [21.613393206315827, 38.23363641769557], "AQ": [10.176931654636059, 49.63813851116872], "AR": [23.692014301324246, 76.92026328547662], "AS": [11.397077476671685, 15.705871189382979], "AT": [28.48146165316173, 69.16989600839034], "AU": [41.93973066467646, 80.6734036171983], "AV": [41.2390643170777, 36.18000048211452], "AW": [11.16543487286388, 62.346750997361596], "AX": [13.989732679667716, 64.90682755922862], "AY": [20.98885146535532, 54.52732692915557], "AZ": [28.87859107361127, 49.540022732246285], "BA": [26.924429154240514, 40.660417923030835], "BB": [13.911658733891183, 66.85488202409744]}