{"AA": [25.0, 85.0], "AB": [22.0, 75.0], "AC": [18.0, 75.0], "AD": [15.0, 80.0], "AE": [10.0, 35.0], "AF": [8.0, 40.0], "AG": [8.0, 45.0], "AH": [22.0, 85.0], "AI": [20.0, 80.0], "AJ": [20.0, 85.0], "AK": [15.0, 75.0], "AL": [10.0, 40.0], "AM": [5.0, 35.0], "AN": [0.0, 40.0], "AO": [20.0977219576055, 56.25184516933867], "AP": [11.070957661770741, 54.81756902183739], "AQ": [12.455342266130105, 84.51063542538961], "AR": [14.732579630884796, 84.6911990469014], "AS": [8.111419498875897, 67.6346031296678], "AT": [1.042902313396199, 64.97806223611036], "AU": [14.949702934348652, 75.91229640545865], "AV": [2.197518591923944, 46.60626564294828], "AW": [1.831841978694032, 77.35591157355651], "AX": [1.91209739482934, 72.47874785039866], "AY": [21.56568141621092, 74.5335042203792], "AZ": [19.6802537543499, 52.070637901991866], "BA": [17.73731787523237, 40.62998515097806], "BB": [24.589546524994137, 35.51134920241919]}