{"AA": [45.0, 68.0], "AB": [42.0, 66.0], "AC": [42.0, 68.0], "AD": [42.0, 65.0], "AE": [40.0, 66.0], "AF": [45.0, 70.0], "AG": [40.0, 69.0], "AH": [38.0, 68.0], "AI": [38.0, 70.0], "AJ": [35.0, 69.0], "AK": [43.551568249036755, 65.21070516649755], "AL": [41.60624769446663, 66.41456272900345], "AM": [42.25416722904188, 66.13803341283172], "AN": [41.404811384573186, 67.76459349822962], "AO": [39.750351827980296, 67.18529275332219], "AP": [40.376684349986355, 67.43876259404387], "AQ": [38.00270812298134, 65.8162943614812], "AR": [38.23373877451075, 68.86995379021555], "AS": [42.626953138299044, 67.73662968570133], "AT": [35.307914183455885, 68.0629704451348]}