{"AA": [45.0, 68.0], "AB": [42.0, 65.0], "AC": [40.0, 66.0], "AD": [38.0, 68.0], "AE": [38.0, 70.0], "AF": [45.0, 70.0], "AG": [42.0, 66.0], "AH": [42.0, 68.0], "AI": [40.0, 69.0], "AJ": [35.0, 66.0], "AK": [39.348121501687125, 68.00394950587244], "AL": [38.91262896787823, 66.15217982621026], "AM": [36.49787282981188, 67.54422507411928], "AN": [36.15908277227347, 69.74408367775742], "AO": [38.74720331764826, 69.43863532893783], "AP": [43.540557558165915, 67.9787484885684], "AQ": [42.34490001259951, 68.1486386195803], "AR": [41.42726783848903, 69.76522208784094], "AS": [35.6708260193006, 66.18260970459389], "AT": [43.84401182841394, 65.698998327905]}