{"AA": [45.0, 70.0], "AB": [42.0, 66.0], "AC": [42.0, 65.0], "AD": [40.0, 66.0], "AE": [35.0, 69.0], "AF": [45.0, 68.0], "AG": [42.0, 68.0], "AH": [40.0, 69.0], "AI": [38.0, 68.0], "AJ": [38.0, 70.0], "AK": [44.57168580668528, 65.8490092117726], "AL": [40.97034354778903, 68.00814475696411], "AM": [41.51897413983286, 65.95262817854774], "AN": [38.04628832769844, 67.08638345530457], "AO": [42.21093963458912, 66.28364327656847], "AP": [37.460946212400884, 68.75897804942738], "AQ": [44.425878522524485, 65.24126117952908], "AR": [37.59233775855903, 66.80629757413082], "AS": [39.5751404054915, 67.0893788300595], "AT": [40.9243094932407, 69.06824027641214]}