{"AA": [42.0, 66.0], "AB": [42.0, 65.0], "AC": [40.0, 69.0], "AD": [40.0, 66.0], "AE": [38.0, 68.0], "AF": [45.0, 68.0], "AG": [45.0, 70.0], "AH": [42.0, 68.0], "AI": [35.0, 66.0], "AJ": [35.0, 69.0], "AK": [37.880125134170875, 69.82914263385001], "AL": [40.29362345137264, 69.95066458097969], "AM": [36.40313135604793, 66.09518490616267], "AN": [41.7484410200011, 66.47933622892721], "AO": [41.1996081940843, 67.93240884041377], "AP": [41.49581346036428, 67.54082568913397], "AQ": [43.196639976105764, 67.26477267789], "AR": [41.73250635350539, 66.51449916643644], "AS": [36.007440959957364, 67.12827487582118], "AT": [40.51993637924111, 69.57129705879996]}