{"AA": [52.0, 75.0], "AB": [45.0, 70.0], "AC": [62.0, 69.0], "AD": [60.0, 66.0], "AE": [42.0, 65.0], "AF": [58.0, 70.0], "AG": [34.0, 60.0], "AH": [28.0, 70.0], "AI": [25.0, 85.0], "AJ": [22.0, 75.0], "AK": [49.425705849263025, 83.45565194182274], "AL": [43.47447907876671, 66.59998294917314], "AM": [31.18009197045567, 69.3767388702687], "AN": [51.22077020238916, 84.81068334640656], "AO": [46.212783124205174, 66.7628748053585], "AP": [43.200278869287814, 60.52256076809828], "AQ": [29.66769639730796, 74.37192402987776], "AR": [56.02666896399352, 78.88738248339236], "AS": [25.057818396357415, 60.55992332696387], "AT": [47.54202714118758, 69.27410845236498]}