{"AA": [52.0, 75.0], "AB": [45.0, 70.0], "AC": [60.0, 66.0], "AD": [42.0, 65.0], "AE": [16.0, 42.0], "AF": [62.0, 69.0], "AG": [58.0, 70.0], "AH": [34.0, 60.0], "AI": [28.0, 70.0], "AJ": [35.0, 66.0], "AK": [42.050037582545286, 49.061553494086766], "AL": [19.7433781126242, 66.90558363216941], "AM": [51.48721682234509, 46.54579531205556], "AN": [49.677152127369, 72.40534746089826], "AO": [21.34837635462848, 66.13736610806734], "AP": [19.622239678337195, 71.62420120661302], "AQ": [54.17359153049368, 74.0152333647459], "AR": [59.07145046091929, 49.07046908974337], "AS": [17.20159983766675, 50.6473364973848], "AT": [40.05982359766202, 65.84721682065815]}