{"AA": [52.0, 75.0], "AB": [45.0, 70.0], "AC": [62.0, 69.0], "AD": [42.0, 65.0], "AE": [16.0, 42.0], "AF": [60.0, 66.0], "AG": [58.0, 70.0], "AH": [35.0, 66.0], "AI": [35.0, 69.0], "AJ": [25.0, 85.0], "AK": [59.373904339515676, 71.20522039134912], "AL": [49.85705349748538, 70.77815136043209], "AM": [34.93669798543765, 67.20786058743425], "AN": [16.650825075077, 77.31313616558802], "AO": [50.800424565855266, 57.22633244860439], "AP": [45.121057837450934, 56.77849107864089], "AQ": [28.088366232037508, 59.155303418661234], "AR": [39.080001163446866, 78.78584228180965], "AS": [33.682219303830095, 82.35226090446443], "AT": [46.09685355567642, 66.6323037561191]}