{"AA": [55.0, 45.0], "AB": [15.0, 30.0], "AC": [25.0, 30.0], "AD": [10.0, 43.0], "AE": [55.0, 60.0], "AF": [41.0, 49.0], "AG": [35.0, 17.0], "AH": [55.0, 20.0], "AI": [20.0, 50.0], "AJ": [30.0, 60.0], "AK": [12.599506099409181, 26.460393219088175], "AL": [35.57529571258067, 52.01207279854993], "AM": [35.274518835023166, 47.910543232389486], "AN": [46.189572867645154, 44.008436470376274], "AO": [17.911044357400804, 43.149625831277106], "AP": [47.809225840656076, 32.502079560881306], "AQ": [24.35111996738065, 42.002948542401896], "AR": [39.965246619205345, 33.99395482896871], "AS": [48.250269950539874, 31.07149291777085], "AT": [11.886576507780395, 19.70307925781826]}