{"AA": [55.0, 45.0], "AB": [55.0, 20.0], "AC": [15.0, 30.0], "AD": [20.0, 50.0], "AE": [30.0, 60.0], "AF": [41.0, 49.0], "AG": [35.0, 17.0], "AH": [25.0, 30.0], "AI": [10.0, 43.0], "AJ": [55.0, 60.0], "AK": [19.916603818471636, 48.37623722206626], "AL": [42.008285584866066, 37.99060139250986], "AM": [26.982195436803497, 32.9439618926671], "AN": [46.66325924573486, 55.32211537926456], "AO": [37.76710601228415, 55.669544174798624], "AP": [22.788460960147876, 42.55312528230023], "AQ": [54.39884320717847, 57.978988366089695], "AR": [53.48177527971252, 26.61267353994011], "AS": [41.33896900204056, 19.62128409050021], "AT": [31.68677185519084, 58.254964349486684]}