{"AA": [35.0, 17.0], "AB": [55.0, 45.0], "AC": [15.0, 30.0], "AD": [25.0, 30.0], "AE": [30.0, 60.0], "AF": [41.0, 49.0], "AG": [55.0, 20.0], "AH": [20.0, 50.0], "AI": [10.0, 43.0], "AJ": [55.0, 60.0], "AK": [44.6570004799128, 26.81075869848302], "AL": [43.85927111086215, 36.39042497704139], "AM": [33.59448902873173, 40.39894809072271], "AN": [25.92843880130021, 24.06506050890031], "AO": [50.057742508347054, 56.65181038506652], "AP": [43.8565657282919, 38.104106133899], "AQ": [41.276233032319425, 50.96623601317551], "AR": [28.59432844054156, 29.076850308350338], "AS": [44.64997921320916, 26.67387604173851], "AT": [28.804651045962757, 17.470364158478088]}