{"AA": [35.0, 17.0], "AB": [15.0, 30.0], "AC": [25.0, 30.0], "AD": [20.0, 50.0], "AE": [55.0, 60.0], "AF": [41.0, 49.0], "AG": [55.0, 45.0], "AH": [55.0, 20.0], "AI": [10.0, 43.0], "AJ": [20.0, 65.0], "AK": [11.319440113517564, 41.22149195040534], "AL": [39.47658507140213, 30.32668765132248], "AM": [11.479791889096774, 57.192178225195306], "AN": [13.972222574824269, 33.25510022774132], "AO": [21.16555824534386, 37.83124406693446], "AP": [15.521125212854393, 62.81281660146512], "AQ": [25.919353087730293, 61.39924446973284], "AR": [38.56308049276633, 57.36589338446009], "AS": [23.327431497170636, 25.2556652855363], "AT": [12.994305773571863, 63.38165970609253]}