{"AA": [35.0, 17.0], "AB": [15.0, 30.0], "AC": [25.0, 30.0], "AD": [20.0, 50.0], "AE": [55.0, 60.0], "AF": [41.0, 49.0], "AG": [55.0, 45.0], "AH": [55.0, 20.0], "AI": [10.0, 43.0], "AJ": [20.0, 65.0], "AK": [32.31263917968006, 36.47327606121217], "AL": [19.738068119398893, 27.277035543396455], "AM": [32.57455759277882, 56.48500925925523], "AN": [28.72044953118866, 36.76385723548147], "AO": [22.182680005492955, 48.35932631744106], "AP": [23.003839860471363, 53.95149047349753], "AQ": [50.53090643652998, 26.13785724111522], "AR": [36.541698757384914, 37.07825717354452], "AS": [11.104684421503395, 23.91731114848007], "AT": [19.694155839857153, 25.037934052710696]}