{"AA": [35.0, 17.0], "AB": [55.0, 45.0], "AC": [10.0, 43.0], "AD": [55.0, 60.0], "AE": [20.0, 65.0], "AF": [41.0, 49.0], "AG": [55.0, 20.0], "AH": [15.0, 30.0], "AI": [25.0, 30.0], "AJ": [20.0, 50.0], "AK": [11.702253752921255, 60.769650991553696], "AL": [20.43111587578577, 29.40862170901798], "AM": [10.306005966892032, 34.78799335810504], "AN": [41.46132402463469, 27.121233370886237], "AO": [30.171607466664884, 38.93073835979525], "AP": [32.716386021426786, 38.04032918516794], "AQ": [12.882645896345853, 48.78760721802765], "AR": [54.09211552979816, 38.23197527130407], "AS": [45.895324012540044, 50.818974681226884], "AT": [30.34578543297933, 60.07997956175726]}