{"AA": [20.0, 50.0], "AB": [10.0, 43.0], "AC": [55.0, 60.0], "AD": [20.0, 65.0], "AE": [50.0, 35.0], "AF": [41.0, 49.0], "AG": [35.0, 17.0], "AH": [55.0, 45.0], "AI": [55.0, 20.0], "AJ": [15.0, 30.0], "AK": [30.187962211002354, 56.64463963052514], "AL": [42.30179715194556, 26.779487032613147], "AM": [12.512530998800484, 29.918525034055428], "AN": [20.4833249311712, 40.76619541542367], "AO": [39.88813948826791, 41.54333293923458], "AP": [48.488450846633505, 18.10209032905871], "AQ": [22.284733409116736, 46.530255508874504], "AR": [15.546215905727273, 20.94657313185744], "AS": [11.389770811629772, 35.48033588867689], "AT": [13.77767359707724, 43.083375060875206]}