{"AA": [41.0, 49.0], "AB": [55.0, 20.0], "AC": [25.0, 30.0], "AD": [10.0, 43.0], "AE": [55.0, 60.0], "AF": [35.0, 17.0], "AG": [55.0, 45.0], "AH": [15.0, 30.0], "AI": [20.0, 50.0], "AJ": [20.0, 65.0], "AK": [40.42722566594183, 24.889082759086975], "AL": [46.02092825935942, 51.60314766204361], "AM": [21.829930482476694, 23.32704311983155], "AN": [52.494919068873294, 56.41377982924981], "AO": [11.241416504890363, 62.586400043354054], "AP": [26.61876131218839, 46.66869998356654], "AQ": [21.143680245994897, 45.6278100619742], "AR": [45.83002719353179, 36.899173223323565], "AS": [17.178573060207984, 28.42339966404397], "AT": [26.13779559421444, 43.80338566824557]}