{"AA": [55.0, 20.0], "AB": [20.0, 50.0], "AC": [10.0, 43.0], "AD": [55.0, 60.0], "AE": [30.0, 60.0], "AF": [41.0, 49.0], "AG": [35.0, 17.0], "AH": [55.0, 45.0], "AI": [15.0, 30.0], "AJ": [25.0, 30.0], "AK": [30.82238493574204, 54.822220135064654], "AL": [44.81719208755948, 36.886916771605144], "AM": [43.486464887915176, 24.474297146888283], "AN": [41.42422260374008, 52.22888045040448], "AO": [28.78095282703998, 33.75668124678556], "AP": [31.23638808958472, 20.79039209789967], "AQ": [40.46150653841788, 21.69106599351293], "AR": [22.301323730731898, 45.57012502327075], "AS": [17.034178160854328, 48.548258656496614], "AT": [39.36995904320479, 38.652457607771396]}