{"AA": [41.0, 49.0], "AB": [35.0, 17.0], "AC": [55.0, 45.0], "AD": [55.0, 60.0], "AE": [30.0, 60.0], "AF": [55.0, 20.0], "AG": [15.0, 30.0], "AH": [25.0, 30.0], "AI": [20.0, 50.0], "AJ": [10.0, 43.0], "AK": [38.89714271633372, 36.06747096822098], "AL": [22.824422105498257, 39.217702436689564], "AM": [53.68862768122334, 33.66515004068862], "AN": [35.03344877032687, 49.84556909110828], "AO": [27.599136080207582, 42.204803041705034], "AP": [32.37256252001571, 47.979949979706575], "AQ": [46.19492446074544, 40.02220573523847], "AR": [50.646777919492074, 21.435571809948446], "AS": [23.020837831741098, 22.26682859730927], "AT": [15.019131413940716, 29.465048427534477]}