{"AA": [41.0, 49.0], "AB": [55.0, 20.0], "AC": [20.0, 50.0], "AD": [30.0, 60.0], "AE": [30.0, 5.0], "AF": [35.0, 17.0], "AG": [55.0, 45.0], "AH": [15.0, 30.0], "AI": [25.0, 30.0], "AJ": [10.0, 43.0], "AK": [33.76795243329016, 11.186656054449887], "AL": [31.308754847713306, 52.695528553906826], "AM": [52.7218455319594, 23.404331845486084], "AN": [22.625425405370105, 30.225707169683464], "AO": [23.066875270505932, 25.240314338624053], "AP": [10.469428131044817, 12.978651358369529], "AQ": [41.03737760964125, 34.11612662268743], "AR": [19.50214663939121, 40.649276150588165], "AS": [33.2886844395848, 59.434046397454004], "AT": [17.86826939204859, 52.66179794668045]}