{"AA": [22.0, 75.0], "AB": [20.0, 85.0], "AC": [18.0, 75.0], "AD": [15.0, 80.0], "AE": [8.0, 40.0], "AF": [25.0, 85.0], "AG": [22.0, 85.0], "AH": [20.0, 80.0], "AI": [15.0, 75.0], "AJ": [10.0, 35.0], "AK": [10.392407129967268, 54.977956532479354], "AL": [10.469823267167612, 57.17776771649795], "AM": [23.245435147844624, 40.78011654862502], "AN": [14.051086770944899, 66.63602643596354], "AO": [12.403886136925882, 38.92686974609245], "AP": [22.784758042353378, 74.94651437813667], "AQ": [22.32480427433861, 66.1093848638912], "AR": [10.827827539021918, 50.395099719736635], "AS": [16.873633943299644, 74.79207803094206], "AT": [8.929291551799974, 55.4987265472633]}