{"AA": [25.0, 85.0], "AB": [20.0, 85.0], "AC": [15.0, 75.0], "AD": [15.0, 80.0], "AE": [10.0, 35.0], "AF": [22.0, 75.0], "AG": [22.0, 85.0], "AH": [20.0, 80.0], "AI": [18.0, 75.0], "AJ": [5.0, 35.0], "AK": [24.01664688630147, 43.20278713789081], "AL": [23.510451708562414, 55.76513539692135], "AM": [16.44033402948791, 36.51666083745785], "AN": [23.33080008417829, 42.86794270295739], "AO": [20.172438137846072, 78.80109384985633], "AP": [5.84147149903041, 68.19273455557465], "AQ": [10.66350486850209, 38.481766983337586], "AR": [10.169077995538292, 62.550798452514684], "AS": [6.473986878995999, 54.22278220726495], "AT": [14.779990007482198, 36.13251853882517]}