{"AA": [25.0, 85.0], "AB": [22.0, 75.0], "AC": [20.0, 80.0], "AD": [18.0, 75.0], "AE": [15.0, 75.0], "AF": [22.0, 85.0], "AG": [20.0, 85.0], "AH": [10.0, 35.0], "AI": [8.0, 45.0], "AJ": [5.0, 35.0], "AK": [17.781452674833957, 78.94570062555023], "AL": [8.115330099784666, 53.79781644327585], "AM": [8.703299781973374, 50.347838382859806], "AN": [23.603097072309172, 50.07858932659209], "AO": [19.1289587242442, 73.33632432084376], "AP": [19.623368084074073, 59.22126024621041], "AQ": [9.376701897247827, 44.44658181416768], "AR": [24.76669832595922, 53.272604635104614], "AS": [17.84220978297433, 35.63777105014173], "AT": [13.981048500810731, 82.47749881367466]}