{"AA": [25.0, 85.0], "AB": [22.0, 85.0], "AC": [20.0, 85.0], "AD": [18.0, 75.0], "AE": [15.0, 75.0], "AF": [22.0, 75.0], "AG": [20.0, 80.0], "AH": [15.0, 80.0], "AI": [10.0, 35.0], "AJ": [10.0, 40.0], "AK": [12.83356988715699, 80.39153829521084], "AL": [24.766904461046895, 51.90206573267925], "AM": [10.828397365881605, 77.37502114702272], "AN": [11.039430951635648, 35.95485766232187], "AO": [24.532479516409285, 65.72805278008936], "AP": [16.440565806012813, 76.0997255242917], "AQ": [21.22467097131264, 78.06337487587967], "AR": [22.25249418053609, 76.00431717452653], "AS": [11.940350470221084, 72.43291646219248], "AT": [16.875320832910095, 66.98275248558213]}