{"AA": [22.0, 75.0], "AB": [20.0, 80.0], "AC": [20.0, 85.0], "AD": [15.0, 80.0], "AE": [8.0, 40.0], "AF": [25.0, 85.0], "AG": [22.0, 85.0], "AH": [18.0, 75.0], "AI": [15.0, 75.0], "AJ": [10.0, 35.0], "AK": [15.631466806483651, 82.87920189923214], "AL": [8.817416414156423, 51.874501144975696], "AM": [11.425888631498669, 45.98298306476277], "AN": [11.905646223853491, 71.0693488126681], "AO": [21.271024691471894, 37.332935923375814], "AP": [17.302758217051604, 38.385341777080924], "AQ": [10.674129511038707, 57.9035770486355], "AR": [24.75693748445899, 63.025575344291], "AS": [9.069255760434709, 80.22620423601995], "AT": [23.195382951414253, 55.01461388468505]}