{"AA": [22.0, 75.0], "AB": [20.0, 85.0], "AC": [18.0, 75.0], "AD": [15.0, 80.0], "AE": [10.0, 35.0], "AF": [25.0, 85.0], "AG": [22.0, 85.0], "AH": [20.0, 80.0], "AI": [15.0, 75.0], "AJ": [10.0, 40.0], "AK": [10.150860663731876, 51.11766937278423], "AL": [19.197753986471884, 70.36147483929139], "AM": [13.102785043704788, 49.67066764157961], "AN": [16.766904561852865, 38.27401263687097], "AO": [11.894372427767284, 59.99688831833407], "AP": [20.817445385713206, 77.18540659545076], "AQ": [15.280788505132522, 63.5141049539751], "AR": [23.87433076144264, 75.86717925270224], "AS": [17.373888949909517, 36.049903975247105], "AT": [13.473186395263353, 73.83555137527915]}