{"AA": [25.0, 85.0], "AB": [22.0, 75.0], "AC": [22.0, 85.0], "AD": [18.0, 75.0], "AE": [15.0, 75.0], "AF": [20.0, 80.0], "AG": [20.0, 85.0], "AH": [15.0, 80.0], "AI": [10.0, 35.0], "AJ": [10.0, 40.0], "AK": [23.21056614812702, 67.63535836130414], "AL": [11.399471107281355, 77.99298965961046], "AM": [13.813453049363448, 77.91677092994686], "AN": [13.37400396303747, 51.22062662004189], "AO": [14.164311238511381, 64.36368649947758], "AP": [20.644579884731627, 84.21847609115957], "AQ": [23.645890670083354, 75.77173690516008], "AR": [23.49368699843893, 52.86874230743276], "AS": [18.045961721957845, 54.16509203840454], "AT": [11.471715434591331, 79.86097773597936]}