{"AA": [22.0, 85.0], "AB": [20.0, 80.0], "AC": [20.0, 85.0], "AD": [18.0, 75.0], "AE": [15.0, 80.0], "AF": [25.0, 85.0], "AG": [22.0, 75.0], "AH": [15.0, 75.0], "AI": [10.0, 35.0], "AJ": [8.0, 40.0], "AK": [10.361319112308827, 78.98372005135178], "AL": [22.920642425938546, 76.81416315087887], "AM": [12.750688864112297, 76.55320753571633], "AN": [23.658515621162508, 39.98004006265552], "AO": [16.75516540845316, 51.387719709232044], "AP": [8.736279914307042, 79.00616097398867], "AQ": [16.434265072066367, 66.31792385924292], "AR": [14.832404907051485, 82.06710560252495], "AS": [22.513541475930992, 75.55627838919192], "AT": [20.403061249510394, 61.63410765759389]}