{"AA": [25.0, 85.0], "AB": [22.0, 85.0], "AC": [20.0, 80.0], "AD": [15.0, 75.0], "AE": [5.0, 45.0], "AF": [22.0, 75.0], "AG": [20.0, 85.0], "AH": [18.0, 75.0], "AI": [15.0, 80.0], "AJ": [10.0, 35.0], "AK": [23.009170250571565, 55.5682465400542], "AL": [13.432196912418238, 66.17238854824512], "AM": [15.372329445252127, 80.6320675700273], "AN": [6.7280621774588845, 55.099894509924994], "AO": [17.023168585409444, 81.05901551062635], "AP": [12.763918410320192, 70.51380088303839], "AQ": [23.696170046141333, 49.3539566633275], "AR": [19.491839522237463, 42.86944100451698], "AS": [19.673103618037416, 39.64531892525389], "AT": [17.340916661994967, 51.141827168043505]}