{"AA": [42.0, 66.0], "AB": [42.0, 65.0], "AC": [40.0, 69.0], "AD": [38.0, 68.0], "AE": [38.0, 70.0], "AF": [35.0, 69.0], "AG": [22.0, 75.0], "AH": [45.0, 68.0], "AI": [45.0, 70.0], "AJ": [42.0, 68.0], "AK": [40.0, 66.0], "AL": [35.0, 66.0], "AM": [25.0, 85.0], "AN": [22.0, 85.0], "AO": [34.10617691315523, 82.78076901002404], "AP": [29.144256147295412, 76.20084798544741], "AQ": [36.71232364849695, 75.64075892471932], "AR": [22.587295635287685, 80.9643749965465], "AS": [36.38010011585267, 82.90274026774912], "AT": [33.93800245995194, 75.89391200982004], "AU": [35.550351986106335, 71.33190677996508], "AV": [38.70472211888037, 82.59544638978419], "AW": [22.92983917080768, 65.12178503039881], "AX": [32.30840932367952, 69.87383498199573], "AY": [32.655414898723386, 70.62269653799854], "AZ": [25.501249421965493, 66.20569626117687], "BA": [35.80871662665588, 84.96285930838438], "BB": [24.28710542156766, 74.87862313199128]}