{"AA": [45.0, 68.0], "AB": [42.0, 66.0], "AC": [42.0, 65.0], "AD": [40.0, 69.0], "AE": [40.0, 66.0], "AF": [38.0, 68.0], "AG": [22.0, 75.0], "AH": [45.0, 70.0], "AI": [42.0, 68.0], "AJ": [38.0, 70.0], "AK": [35.0, 66.0], "AL": [35.0, 69.0], "AM": [25.0, 85.0], "AN": [22.0, 85.0], "AO": [41.31841945518478, 70.49122181649898], "AP": [30.52215143410556, 65.0298523665342], "AQ": [24.257459307441447, 71.3353904391245], "AR": [38.67424988482604, 68.11173335059583], "AS": [37.849101338074554, 79.51480960205413], "AT": [40.32155275119563, 84.94496784579596], "AU": [41.66860697278453, 65.84282066599017], "AV": [37.19436969727325, 70.65825091601383], "AW": [38.68458462679632, 69.55213365132687], "AX": [36.731066184518326, 76.05837399291845], "AY": [32.925809204354685, 73.74117101328874], "AZ": [34.36637400496861, 74.75505037617549], "BA": [28.906228682857083, 68.26517744592479], "BB": [29.437599181374726, 80.47981516086219]}