{"AA": [45.0, 70.0], "AB": [42.0, 66.0], "AC": [42.0, 65.0], "AD": [40.0, 69.0], "AE": [40.0, 66.0], "AF": [35.0, 69.0], "AG": [22.0, 75.0], "AH": [45.0, 68.0], "AI": [42.0, 68.0], "AJ": [38.0, 68.0], "AK": [38.0, 70.0], "AL": [35.0, 66.0], "AM": [25.0, 85.0], "AN": [22.0, 85.0], "AO": [36.666537217326834, 71.35473581825953], "AP": [34.7142849649717, 67.17657203157398], "AQ": [35.02501879127264, 69.27972939035561], "AR": [23.8716890563121, 80.0942931104057], "AS": [39.743608411172545, 67.75502746185185], "AT": [38.8385760636845, 83.4274833096353], "AU": [24.674188177314242, 79.62870673216202], "AV": [23.811119839168597, 82.95406133734123], "AW": [41.08679576524684, 84.40317173620963], "AX": [43.53572523045965, 69.28513278166265], "AY": [22.600799918833374, 70.24080999841503], "AZ": [34.02991179883101, 79.45285867918676], "BA": [26.389259948991764, 74.7250013266095], "BB": [23.278548283585607, 75.12741386359616]}