{"AA": [52.0, 75.0], "AB": [45.0, 70.0], "AC": [62.0, 69.0], "AD": [60.0, 66.0], "AE": [42.0, 65.0], "AF": [16.0, 42.0], "AG": [35.0, 66.0], "AH": [58.0, 70.0], "AI": [34.0, 60.0], "AJ": [28.0, 70.0], "AK": [25.0, 85.0], "AL": [22.0, 75.0], "AM": [20.0, 80.0], "AN": [18.0, 75.0], "AO": [33.35957755762135, 57.9439618926671], "AP": [53.477998340084525, 80.32211537926456], "AQ": [44.38415281255713, 80.66954417479863], "AR": [29.072648981484495, 67.55312528230023], "AS": [61.38548416733799, 82.9789883660897], "AT": [60.448036952595025, 51.61267353994011], "AU": [48.03539053541924, 44.62128409050021], "AV": [38.16870011863952, 83.25496434948668], "AW": [45.86343586656007, 46.35907654081565], "AX": [41.279329492361114, 70.13712429082636], "AY": [30.40610449603919, 69.54195598580108], "AZ": [34.47176384003935, 77.69975155729412], "BA": [21.052376975778074, 73.7590064955299], "BB": [38.883807110769894, 79.3731554445909]}