{"AA": [52.0, 75.0], "AB": [45.0, 70.0], "AC": [62.0, 69.0], "AD": [42.0, 65.0], "AE": [16.0, 42.0], "AF": [34.0, 60.0], "AG": [28.0, 70.0], "AH": [60.0, 66.0], "AI": [58.0, 70.0], "AJ": [35.0, 66.0], "AK": [35.0, 69.0], "AL": [25.0, 85.0], "AM": [22.0, 75.0], "AN": [22.0, 85.0], "AO": [28.088366232037508, 59.155303418661234], "AP": [39.080001163446866, 78.78584228180965], "AQ": [33.682219303830095, 82.35226090446443], "AR": [46.09685355567642, 66.6323037561191], "AS": [57.96945197022658, 84.67055835396093], "AT": [46.966222616020225, 46.777843389208684], "AU": [54.2662457420916, 43.48740186643067], "AV": [16.681373582696505, 54.90007385476704], "AW": [55.992888504838184, 48.07831432194722], "AX": [49.72816172089245, 69.44454854643118], "AY": [32.75525992011901, 54.42857189441687], "AZ": [23.93355951745165, 69.02302749505586], "BA": [57.60505021220309, 72.92489653559272], "BB": [24.521454303748193, 53.50861325131095]}