{"AA": [52.0, 75.0], "AB": [45.0, 70.0], "AC": [62.0, 69.0], "AD": [42.0, 65.0], "AE": [16.0, 42.0], "AF": [34.0, 60.0], "AG": [28.0, 70.0], "AH": [60.0, 66.0], "AI": [58.0, 70.0], "AJ": [35.0, 66.0], "AK": [35.0, 69.0], "AL": [25.0, 85.0], "AM": [22.0, 75.0], "AN": [22.0, 85.0], "AO": [50.006437606274616, 55.26007305958464], "AP": [29.703585069976192, 82.53620438124032], "AQ": [51.270959484747685, 48.20427247589279], "AR": [51.356512836838384, 68.94160208180114], "AS": [38.9450464111923, 50.72119815896436], "AT": [43.234936476473706, 54.119316855803106], "AU": [22.027387757627626, 59.53974490005865], "AV": [51.822094620843764, 54.97583917589933], "AW": [20.46824724608954, 83.98161733009911], "AX": [31.925636794721207, 76.54418955499587], "AY": [27.193471701279456, 56.610624448430045], "AZ": [46.54422247615874, 64.11979033163776], "BA": [26.136972792215452, 73.37623722206627], "BB": [48.71958082008531, 62.99060139250986]}