{"AA": [55.0, 45.0], "AB": [15.0, 30.0], "AC": [25.0, 30.0], "AD": [10.0, 43.0], "AE": [55.0, 60.0], "AF": [30.0, 5.0], "AG": [15.0, 60.0], "AH": [41.0, 49.0], "AI": [35.0, 17.0], "AJ": [55.0, 20.0], "AK": [20.0, 50.0], "AL": [30.0, 60.0], "AM": [20.0, 65.0], "AN": [50.0, 35.0], "AO": [45.895324012540044, 47.2737183515336], "AP": [30.34578543297933, 58.84997445219658], "AQ": [38.89714271633372, 31.60577344402928], "AR": [22.824422105498257, 36.001445260497064], "AS": [53.68862768122334, 28.253697731193427], "AT": [35.03344877032687, 50.83102663875574], "AU": [27.599136080207582, 40.16949261633261], "AV": [32.37256252001571, 48.22783718098592], "AW": [46.19492446074544, 37.12400800265833], "AX": [50.646777919492074, 11.189169967369923], "AY": [23.020837831741098, 12.349063159036191], "AZ": [15.019131413940716, 22.393090829117877], "BA": [30.187962211002354, 54.55579953815643], "BB": [42.30179715194556, 17.224358790766438]}