{"AA": [41.0, 49.0], "AB": [35.0, 17.0], "AC": [15.0, 30.0], "AD": [25.0, 30.0], "AE": [10.0, 43.0], "AF": [50.0, 35.0], "AG": [30.0, 25.0], "AH": [55.0, 45.0], "AI": [55.0, 20.0], "AJ": [20.0, 50.0], "AK": [55.0, 60.0], "AL": [30.0, 60.0], "AM": [20.0, 65.0], "AN": [5.0, 30.0], "AO": [48.75517607471304, 58.109648579920375], "AP": [48.655600118681335, 28.91705086791637], "AQ": [12.01256427843106, 42.78217565687164], "AR": [32.18267494113894, 53.19547807972617], "AS": [47.70248321962877, 58.709750667856454], "AT": [25.653879488572315, 25.95924354364685], "AU": [36.56175738787467, 61.42993966525643], "AV": [27.622285263674446, 49.85535696643979], "AW": [36.60050771668099, 59.76101800125687], "AX": [7.4262449583132675, 33.813521213811626], "AY": [18.990498476875707, 29.125740932662296], "AZ": [13.671554160847394, 18.071679153910296], "BA": [21.88547042757518, 57.80252960182338], "BB": [32.20556459954358, 35.67680773063954]}