{"AA": [55.0, 45.0], "AB": [55.0, 20.0], "AC": [15.0, 30.0], "AD": [20.0, 50.0], "AE": [30.0, 60.0], "AF": [15.0, 10.0], "AG": [5.0, 30.0], "AH": [41.0, 49.0], "AI": [35.0, 17.0], "AJ": [25.0, 30.0], "AK": [10.0, 43.0], "AL": [55.0, 60.0], "AM": [20.0, 65.0], "AN": [50.0, 35.0], "AO": [31.21609892081303, 39.92888709278486], "AP": [22.698265334778014, 19.036705302081792], "AQ": [49.50860278705228, 60.717431887875776], "AR": [42.618406364768774, 36.99362412475453], "AS": [39.75137003591047, 53.44518559824775], "AT": [25.660364933935067, 25.447134115331828], "AU": [43.49997690356573, 22.373562378967858], "AV": [25.894056717736397, 10.601628574797555], "AW": [6.46604457057507, 37.75379285983944], "AX": [37.75176119044681, 25.27016293380701], "AY": [6.644213210107526, 56.05353754970296], "AZ": [9.413580638693631, 28.62563567762027], "BA": [17.406175828159846, 33.86913382669573], "BB": [11.134583569838215, 62.49385235584545]}