{"AA": [35.0, 17.0], "AB": [55.0, 20.0], "AC": [25.0, 30.0], "AD": [20.0, 65.0], "AE": [50.0, 35.0], "AF": [15.0, 10.0], "AG": [5.0, 30.0], "AH": [41.0, 49.0], "AI": [55.0, 45.0], "AJ": [15.0, 30.0], "AK": [20.0, 50.0], "AL": [10.0, 43.0], "AM": [55.0, 60.0], "AN": [30.0, 60.0], "AO": [29.79182131075562, 32.31312882013894], "AP": [15.820075688220992, 21.775769893475104], "AQ": [30.08284176975424, 55.24323977622995], "AR": [25.800499479098512, 32.64608641565585], "AS": [18.536311117214396, 45.932561405401216], "AT": [19.448710956079292, 52.340249500882585], "AU": [50.03434048503331, 20.470461422111192], "AV": [34.49077639709435, 33.00633634468643], "AW": [6.227427135003772, 17.926085690966747], "AX": [15.771284266507946, 19.210132768731008], "AY": [35.00546275933943, 32.34109937179075], "AZ": [38.915959140867876, 24.10559068828046], "BA": [5.483090098444738, 40.95437723862271], "BB": [21.811984113021673, 39.604150786693175]}