{"AA": [15.0, 30.0], "AB": [20.0, 50.0], "AC": [10.0, 43.0], "AD": [55.0, 60.0], "AE": [30.0, 60.0], "AF": [20.0, 65.0], "AG": [15.0, 10.0], "AH": [41.0, 49.0], "AI": [35.0, 17.0], "AJ": [55.0, 45.0], "AK": [55.0, 20.0], "AL": [25.0, 30.0], "AM": [50.0, 35.0], "AN": [30.0, 25.0], "AO": [12.512530998800484, 24.802476601521846], "AP": [20.4833249311712, 37.23209891350629], "AQ": [39.88813948826791, 38.12256899287296], "AR": [48.488450846633505, 11.262811835379773], "AS": [22.284733409116736, 43.83675110391871], "AT": [15.546215905727273, 14.522115046919982], "AU": [11.389770811629772, 31.17538487244227], "AV": [13.77767359707724, 39.887200590586176], "AW": [47.047993256764336, 16.129167106321695], "AX": [38.63265639145277, 42.34781386744778], "AY": [17.34281186472493, 38.23225779941465], "AZ": [31.326778377751662, 18.751722011768884], "BA": [12.399048626992702, 17.15000154473484], "BB": [50.82565589538256, 19.415468113115416]}