{"AA": [35.0, 17.0], "AB": [20.0, 50.0], "AC": [10.0, 43.0], "AD": [55.0, 60.0], "AE": [50.0, 35.0], "AF": [10.0, 20.0], "AG": [20.0, 40.0], "AH": [41.0, 49.0], "AI": [55.0, 45.0], "AJ": [55.0, 20.0], "AK": [15.0, 30.0], "AL": [25.0, 30.0], "AM": [30.0, 60.0], "AN": [20.0, 65.0], "AO": [25.919353087730293, 61.39924446973284], "AP": [38.56308049276633, 57.36589338446009], "AQ": [23.327431497170636, 25.2556652855363], "AR": [12.994305773571863, 63.38165970609253], "AS": [50.1503410945104, 17.483943846093137], "AT": [31.145716661047583, 62.16560756174532], "AU": [20.40143044022466, 31.799371011805974], "AV": [14.696470453832145, 46.604762705913274], "AW": [41.68399482165438, 19.34285110245722], "AX": [38.190623441119946, 17.12143523631792], "AY": [20.7986259599818, 56.72372465906059], "AZ": [42.45064402541285, 53.371120173588764], "BA": [52.771116627582465, 45.49447765778399], "BB": [54.14844530148892, 49.59117688991131]}