{"AA": [35.0, 17.0], "AB": [15.0, 30.0], "AC": [25.0, 30.0], "AD": [20.0, 50.0], "AE": [55.0, 60.0], "AF": [30.0, 60.0], "AG": [50.0, 35.0], "AH": [41.0, 49.0], "AI": [55.0, 45.0], "AJ": [55.0, 20.0], "AK": [10.0, 43.0], "AL": [20.0, 65.0], "AM": [30.0, 25.0], "AN": [10.0, 20.0], "AO": [28.78095282703998, 35.70513255455133], "AP": [31.23638808958472, 21.231135365097302], "AQ": [40.46150653841788, 22.23653878345629], "AR": [22.301323730731898, 48.892232584116186], "AS": [17.034178160854328, 52.216660825856685], "AT": [39.36995904320479, 41.17018523658202], "AU": [38.16761619355243, 54.787382979869115], "AV": [21.81460932673958, 18.23296133332476], "AW": [11.342788628273539, 43.15436974937191], "AX": [36.41155520852175, 39.71616574131667], "AY": [27.844742783390693, 21.943778279263785], "AZ": [37.613643163397704, 21.85485976674396], "BA": [11.540297466131005, 19.875038990689458], "BB": [54.48490009256053, 55.80208790665753]}