{"AA": [41.0, 49.0], "AB": [55.0, 20.0], "AC": [25.0, 30.0], "AD": [10.0, 43.0], "AE": [55.0, 60.0], "AF": [30.0, 60.0], "AG": [15.0, 10.0], "AH": [35.0, 17.0], "AI": [55.0, 45.0], "AJ": [15.0, 30.0], "AK": [20.0, 50.0], "AL": [20.0, 65.0], "AM": [50.0, 35.0], "AN": [30.0, 25.0], "AO": [16.250550591405716, 58.382092056486954], "AP": [49.495818186307915, 55.99557946596675], "AQ": [22.575352875591374, 55.70852828928796], "AR": [51.44901193837134, 15.478044068921074], "AS": [33.17543784590542, 28.026491680155246], "AT": [11.948976243753933, 58.40677707138753], "AU": [32.3259957789992, 44.44971624516722], "AV": [28.085777695136283, 61.773816162777436], "AW": [48.41819802452321, 54.6119062281111], "AX": [42.831632719292216, 39.29751842335328], "AY": [50.52063306378602, 32.625071194059615], "AZ": [28.972443052941035, 44.28962740306963], "BA": [33.337741251817285, 60.195274327030035], "BB": [13.88813989928249, 32.10988396091749]}