{"AA": [55.0, 20.0], "AB": [20.0, 50.0], "AC": [10.0, 43.0], "AD": [55.0, 60.0], "AE": [30.0, 60.0], "AF": [20.0, 65.0], "AG": [30.0, 5.0], "AH": [41.0, 49.0], "AI": [35.0, 17.0], "AJ": [55.0, 45.0], "AK": [15.0, 30.0], "AL": [25.0, 30.0], "AM": [50.0, 35.0], "AN": [30.0, 25.0], "AO": [37.05212931717125, 60.270818612751626], "AP": [27.46881642322043, 47.61656105964607], "AQ": [52.066382603818, 22.224747995993], "AR": [42.6066389250343, 14.443329205420376], "AS": [43.01448314058418, 10.574382710304667], "AT": [37.76706248948868, 24.370192601652207], "AU": [18.137639831785638, 55.92591401043793], "AV": [41.03810763119179, 37.4788734559432], "AW": [50.02579642091898, 23.975252635266582], "AX": [16.237980686522725, 12.366993368763668], "AY": [25.40824908227595, 23.409023719961933], "AZ": [39.893277841021195, 13.065963276869235], "BA": [11.96227994022414, 29.582915924381343], "BB": [20.639133992110246, 38.4099531421003]}