{"AA": [41.0, 49.0], "AB": [55.0, 45.0], "AC": [15.0, 30.0], "AD": [25.0, 30.0], "AE": [20.0, 50.0], "AF": [10.0, 43.0], "AG": [30.0, 60.0], "AH": [35.0, 17.0], "AI": [55.0, 20.0], "AJ": [55.0, 60.0], "AK": [30.0, 25.0], "AL": [30.0, 5.0], "AM": [5.0, 30.0], "AN": [20.0, 40.0], "AO": [42.41556990437547, 52.36971236346765], "AP": [45.84164726845362, 50.10474889197918], "AQ": [11.467834900736946, 46.17620810841172], "AR": [27.91773610970032, 40.181027734140336], "AS": [18.00063662095991, 27.96922424055479], "AT": [51.12235127038875, 26.13028185927766], "AU": [47.65537627095875, 30.15579970600436], "AV": [21.080899535766445, 29.198288232792176], "AW": [27.42269368561421, 40.59855318899289], "AX": [14.043386093535721, 42.607276926537295], "AY": [23.369506371847443, 35.714802111157624], "AZ": [18.569449143432, 20.867995476911982], "BA": [32.3000550039597, 35.85135509697426], "BB": [40.667315391804, 29.795514216518253]}