{"AA": [55.0, 45.0], "AB": [15.0, 30.0], "AC": [25.0, 30.0], "AD": [20.0, 50.0], "AE": [30.0, 60.0], "AF": [20.0, 65.0], "AG": [50.0, 35.0], "AH": [41.0, 49.0], "AI": [35.0, 17.0], "AJ": [55.0, 20.0], "AK": [10.0, 43.0], "AL": [55.0, 60.0], "AM": [30.0, 25.0], "AN": [30.0, 5.0], "AO": [29.21426052684222, 48.68608120375463], "AP": [46.34478485610813, 57.672286891008504], "AQ": [52.25100685176544, 35.274293607291185], "AR": [51.716928943547096, 19.322140794837257], "AS": [34.68416634733425, 11.799754650499828], "AT": [18.647262487126305, 15.049769705829005], "AU": [42.261484116535755, 58.64164569660965], "AV": [14.85049835934492, 55.24184614964646], "AW": [18.500709661470967, 59.469845954253], "AX": [54.30071338314069, 25.282478879215095], "AY": [12.485192097644813, 55.850025376427276], "AZ": [13.118292854906944, 6.145829194786248], "BA": [53.59743854922785, 41.873663336107235], "BB": [29.321697418038443, 54.31967062915004]}