{"AA": [35.0, 17.0], "AB": [55.0, 45.0], "AC": [10.0, 43.0], "AD": [55.0, 60.0], "AE": [20.0, 65.0], "AF": [50.0, 35.0], "AG": [30.0, 25.0], "AH": [41.0, 49.0], "AI": [55.0, 20.0], "AJ": [15.0, 30.0], "AK": [25.0, 30.0], "AL": [20.0, 50.0], "AM": [30.0, 60.0], "AN": [30.0, 5.0], "AO": [46.17676098230735, 61.756200197659076], "AP": [46.04651915666166, 38.493422090618104], "AQ": [44.45575602857013, 36.97068826774771], "AR": [37.21496193971394, 33.212399273957566], "AS": [26.143774060920997, 37.23376144504062], "AT": [30.91611621952367, 32.68896025787882], "AU": [40.26465967473152, 9.976193941000805], "AV": [49.706671383489585, 51.9834779185923], "AW": [30.617881825476758, 39.207814652412544], "AX": [22.78061264766726, 15.509697806825098], "AY": [13.043990778164382, 54.995694722113456], "AZ": [11.702921052585264, 40.893175651695714], "BA": [19.687297417708503, 30.3045255848165], "BB": [45.2468177347465, 5.32708136567255]}