{"AA": [41.0, 49.0], "AB": [55.0, 20.0], "AC": [20.0, 50.0], "AD": [30.0, 60.0], "AE": [30.0, 5.0], "AF": [5.0, 30.0], "AG": [20.0, 40.0], "AH": [35.0, 17.0], "AI": [55.0, 45.0], "AJ": [15.0, 30.0], "AK": [25.0, 30.0], "AL": [10.0, 43.0], "AM": [55.0, 60.0], "AN": [20.0, 65.0], "AO": [15.076143033819617, 18.179579677715324], "AP": [16.48719477603968, 48.28321857520173], "AQ": [44.03242556315263, 7.799523108050974], "AR": [32.36105357956354, 9.06241013249711], "AS": [12.865086797172665, 32.48429245836259], "AT": [54.28511024840879, 38.630690413149196], "AU": [8.144869883631497, 59.27144508322394], "AV": [49.69230279827721, 29.01753666162206], "AW": [25.639510358364426, 48.96220349708788], "AX": [6.680920316710971, 6.678794288915341], "AY": [36.55331821709342, 64.55621775488208], "AZ": [6.226923795828316, 41.1792030003677], "BA": [24.271376313005028, 51.735429414346314], "BB": [34.73641558676358, 49.531048961635534]}