{"AA": [25.0, 85.0], "AB": [22.0, 85.0], "AC": [20.0, 85.0], "AD": [18.0, 75.0], "AE": [15.0, 75.0], "AF": [8.0, 45.0], "AG": [5.0, 45.0], "AH": [22.0, 75.0], "AI": [20.0, 80.0], "AJ": [15.0, 80.0], "AK": [10.0, 35.0], "AL": [10.0, 40.0], "AM": [8.0, 40.0], "AN": [5.0, 35.0], "AO": [16.208164172472635, 74.88131209044121], "AP": [11.28346132013478, 47.437017288295316], "AQ": [21.46021148881403, 49.84419592968751], "AR": [12.711894973257385, 49.46496547437941], "AS": [19.14170463833955, 79.8730379489778], "AT": [11.123354770146845, 67.0014882122515], "AU": [20.935103750091358, 81.31747304958094], "AV": [12.077204359626315, 51.58936272795559], "AW": [22.75220655605566, 52.51747655206259], "AX": [5.0394642320272265, 49.39356615023652], "AY": [16.926108716878147, 56.58154702852734], "AZ": [7.790987162562826, 61.89374965469899], "BA": [10.151835155317567, 42.352213806945386], "BB": [11.368357334809488, 81.6872958602024]}