{"AA": [20.0, 85.0], "AB": [15.0, 75.0], "AC": [15.0, 80.0], "AD": [10.0, 35.0], "AE": [8.0, 45.0], "AF": [5.0, 35.0], "AG": [5.0, 45.0], "AH": [25.0, 85.0], "AI": [22.0, 75.0], "AJ": [22.0, 85.0], "AK": [20.0, 80.0], "AL": [18.0, 75.0], "AM": [10.0, 40.0], "AN": [8.0, 40.0], "AO": [11.10627874981651, 70.01896517000154], "AP": [23.160456144827, 42.34866280814193], "AQ": [15.300246761699427, 72.96563452859672], "AR": [22.556223374326095, 48.338099325399796], "AS": [11.719911224314822, 36.87761545910447], "AT": [16.25304902347127, 55.45733282038825], "AU": [13.51618781910917, 51.38102731170791], "AV": [7.009333496076209, 58.12319953044084], "AW": [14.931608369626446, 75.3981122684853], "AX": [23.189918276032948, 39.680799309672864], "AY": [14.753211387304274, 82.05543562779596], "AZ": [15.609803079987978, 68.21992342706625], "BA": [23.508655608475504, 67.66762849835673], "BB": [23.08219104536849, 74.08749612324445]}