{"AA": [25.0, 85.0], "AB": [22.0, 75.0], "AC": [18.0, 75.0], "AD": [15.0, 75.0], "AE": [10.0, 35.0], "AF": [10.0, 40.0], "AG": [8.0, 45.0], "AH": [22.0, 85.0], "AI": [20.0, 80.0], "AJ": [20.0, 85.0], "AK": [15.0, 80.0], "AL": [8.0, 40.0], "AM": [5.0, 35.0], "AN": [2.0, 40.0], "AO": [5.360676475509246, 69.89152156311621], "AP": [12.012010338130187, 74.65642236035771], "AQ": [24.803487104554808, 48.9009041652626], "AR": [15.810673390076733, 39.5747892231692], "AS": [13.60308302183758, 54.89783283976162], "AT": [13.552309524521341, 63.46221372433816], "AU": [20.2885301372996, 69.5579299278823], "AV": [5.427345609061199, 45.76214927215638], "AW": [16.306364148374985, 36.66959015859993], "AX": [20.494526755602475, 63.268747983209835], "AY": [11.733955642848374, 78.98647286718352], "AZ": [18.434142376601727, 83.90487761288193], "BA": [19.207603111361216, 77.86233475856064], "BB": [8.955168008927203, 35.96922738167465]}