{"AA": [25.0, 85.0], "AB": [22.0, 75.0], "AC": [20.0, 80.0], "AD": [20.0, 85.0], "AE": [15.0, 75.0], "AF": [15.0, 80.0], "AG": [8.0, 40.0], "AH": [22.0, 85.0], "AI": [18.0, 75.0], "AJ": [10.0, 35.0], "AK": [10.0, 40.0], "AL": [5.0, 35.0], "AM": [2.0, 40.0], "AN": [0.0, 40.0], "AO": [15.5126651402664, 49.13264677059862], "AP": [23.199396206378218, 72.24003121246452], "AQ": [15.633419487213546, 71.60406365326064], "AR": [11.381688430523665, 65.8327985389152], "AS": [12.563969409906994, 41.045191417844094], "AT": [11.219991382907576, 59.946659296947075], "AU": [21.880673843825164, 64.70907104062574], "AV": [12.830007946261842, 82.28870626074709], "AW": [12.676926360254276, 69.12763148674188], "AX": [12.600319738519511, 84.55584063794556], "AY": [23.947446881183875, 51.135313913924435], "AZ": [0.18246903095628098, 65.78715438013684], "BA": [14.88114326640774, 45.16843585951049], "BB": [8.944212172839444, 69.64791155620712]}