{"AA": [22.0, 75.0], "AB": [20.0, 85.0], "AC": [18.0, 75.0], "AD": [15.0, 80.0], "AE": [8.0, 40.0], "AF": [5.0, 35.0], "AG": [5.0, 45.0], "AH": [25.0, 85.0], "AI": [22.0, 85.0], "AJ": [20.0, 80.0], "AK": [15.0, 75.0], "AL": [10.0, 35.0], "AM": [10.0, 40.0], "AN": [8.0, 45.0], "AO": [20.360256557057575, 52.47905668764214], "AP": [19.51762755913414, 64.61629739415415], "AQ": [16.534396639781015, 65.91266627986874], "AR": [8.85968394263722, 82.32733419389791], "AS": [5.802620783227934, 58.80699165527983], "AT": [23.58943225176391, 60.21738920064982], "AU": [19.36827724538174, 48.39152520560017], "AV": [11.210439512436896, 56.46915621149016], "AW": [20.19305863305667, 70.22306046364503], "AX": [23.17876426266992, 50.17607778784802], "AY": [23.34376611152352, 73.30027174734636], "AZ": [19.074206403163874, 53.37964518555199], "BA": [14.27086565600533, 39.8547187249261], "BB": [23.26831664312487, 35.401141178294544]}