{"AA": [25.0, 85.0], "AB": [22.0, 75.0], "AC": [22.0, 85.0], "AD": [18.0, 75.0], "AE": [15.0, 75.0], "AF": [8.0, 40.0], "AG": [8.0, 45.0], "AH": [20.0, 80.0], "AI": [20.0, 85.0], "AJ": [15.0, 80.0], "AK": [10.0, 35.0], "AL": [10.0, 40.0], "AM": [5.0, 35.0], "AN": [2.0, 40.0], "AO": [6.026037086175453, 41.742144195240364], "AP": [18.850907970731175, 41.41885493265754], "AQ": [15.427690902893838, 45.391336158848716], "AR": [11.026101830529331, 83.82024786203982], "AS": [23.967953813365266, 48.75820427394367], "AT": [15.144116356988262, 70.8093279270652], "AU": [12.52276084534661, 47.67407554953249], "AV": [21.806263081496578, 52.84183175131506], "AW": [6.488960116715187, 84.74264375070018], "AX": [4.945378902924688, 50.10054399753766], "AY": [21.087188608026942, 49.54378585960432], "AZ": [23.630803062545247, 65.4649216946654], "BA": [4.764795973405365, 39.479728190944456], "BB": [4.357335771251009, 68.10768711671295]}