{"AA": [22.0, 75.0], "AB": [20.0, 85.0], "AC": [18.0, 75.0], "AD": [15.0, 80.0], "AE": [10.0, 35.0], "AF": [8.0, 40.0], "AG": [2.0, 40.0], "AH": [25.0, 85.0], "AI": [22.0, 85.0], "AJ": [20.0, 80.0], "AK": [15.0, 75.0], "AL": [10.0, 40.0], "AM": [8.0, 45.0], "AN": [5.0, 35.0], "AO": [6.172228216842739, 52.572802288164084], "AP": [14.322889993799944, 38.77007988715742], "AQ": [6.510528221692526, 79.10548438287606], "AR": [22.611708471186873, 40.29929832135302], "AS": [22.350102786394594, 42.258254974062545], "AT": [6.884587057875598, 42.7035899480755], "AU": [8.452153750495647, 77.45000123751285], "AV": [22.485768690695185, 50.24208757590124], "AW": [13.025091967691562, 51.56787804530975], "AX": [19.817344086703237, 63.773464913147755], "AY": [2.7871200754403516, 63.29185031374456], "AZ": [4.334628949883414, 79.85421445183408], "BA": [14.573500522458346, 49.42278960363875], "BB": [14.224171913184218, 82.8638163251954]}