{"AA": [22.0, 75.0], "AB": [22.0, 85.0], "AC": [20.0, 85.0], "AD": [15.0, 80.0], "AE": [8.0, 40.0], "AF": [8.0, 45.0], "AG": [5.0, 45.0], "AH": [25.0, 85.0], "AI": [20.0, 80.0], "AJ": [18.0, 75.0], "AK": [15.0, 75.0], "AL": [10.0, 35.0], "AM": [10.0, 40.0], "AN": [5.0, 35.0], "AO": [20.575647860614353, 61.67288156637879], "AP": [13.630446474244795, 46.30169697982231], "AQ": [13.537600066126199, 73.81970315487342], "AR": [5.605561177412559, 39.50433216862021], "AS": [5.120596772546209, 71.94436401456203], "AT": [16.360129361509756, 78.98418911948384], "AU": [21.055742267761822, 42.72734326857019], "AV": [10.22437132228763, 39.53891298302944], "AW": [21.735921059670133, 64.18004425769703], "AX": [15.360506329363453, 52.71222588905752], "AY": [20.30930108277179, 71.64076005988376], "AZ": [10.231419040202859, 40.324647452158324], "BA": [23.64061394746469, 74.30681359663852], "BB": [14.722751975243817, 39.56042285405073]}