{"AA": [25.0, 85.0], "AB": [22.0, 85.0], "AC": [15.0, 75.0], "AD": [8.0, 45.0], "AE": [0.0, 40.0], "AF": [0.0, 45.0], "AG": [44.0, 5.0], "AH": [22.0, 75.0], "AI": [20.0, 80.0], "AJ": [20.0, 85.0], "AK": [18.0, 75.0], "AL": [15.0, 80.0], "AM": [10.0, 35.0], "AN": [10.0, 40.0], "AO": [33.587051603622534, 7.532619262560649], "AP": [21.625709321191934, 29.3134699329893], "AQ": [29.59218446203444, 68.38281409374319], "AR": [2.1323706254352617, 63.59508855713602], "AS": [15.361210143387542, 50.262420071966574], "AT": [19.495588356767595, 12.476445993916014], "AU": [25.64366875521752, 23.332894720725143], "AV": [5.567553441577519, 50.66409345268226], "AW": [8.708095472729841, 72.98465197839558], "AX": [3.972079089273939, 71.23937636687933], "AY": [6.190478043919261, 71.01893769625205], "AZ": [20.725046135983703, 15.16980993392746], "BA": [13.950067378015211, 59.79815198987299], "BB": [41.728294186081754, 79.6258699493251]}