{"AA": [25.0, 85.0], "AB": [22.0, 85.0], "AC": [20.0, 80.0], "AD": [15.0, 75.0], "AE": [5.0, 45.0], "AF": [2.0, 40.0], "AG": [44.0, 5.0], "AH": [22.0, 75.0], "AI": [20.0, 85.0], "AJ": [18.0, 75.0], "AK": [15.0, 80.0], "AL": [10.0, 35.0], "AM": [10.0, 40.0], "AN": [8.0, 40.0], "AO": [42.873481555491175, 21.2849064932649], "AP": [20.874470043114055, 44.946103513052535], "AQ": [12.648998605182438, 62.32229378550342], "AR": [14.434677823109094, 78.91911052722149], "AS": [21.822161365922977, 38.9601994284662], "AT": [33.644650175195686, 43.30722047183991], "AU": [6.40745255599466, 74.73254225847153], "AV": [14.658728553967535, 27.82390249949593], "AW": [18.801897575223762, 82.28929405721703], "AX": [5.5728500868194235, 55.59887529039047], "AY": [21.17422862433463, 79.02783048574408], "AZ": [15.496861238408348, 27.296010374590125], "BA": [24.35097786282513, 25.184321860611227], "BB": [32.17716541337431, 21.167186724773124]}