{"AA": [22.0, 85.0], "AB": [20.0, 80.0], "AC": [20.0, 85.0], "AD": [18.0, 75.0], "AE": [15.0, 80.0], "AF": [10.0, 40.0], "AG": [8.0, 45.0], "AH": [25.0, 85.0], "AI": [22.0, 75.0], "AJ": [15.0, 75.0], "AK": [10.0, 35.0], "AL": [8.0, 40.0], "AM": [0.0, 40.0], "AN": [0.0, 45.0], "AO": [6.579937707799802, 48.3854808132307], "AP": [3.8759101571258894, 57.3116126315719], "AQ": [6.37469679054144, 83.06032474286187], "AR": [24.460244392538055, 49.59183506307437], "AS": [21.475053012603244, 62.02205682393647], "AT": [22.440919796237985, 50.19747666919352], "AU": [23.791418281363224, 43.889733586967594], "AV": [0.9399884699863359, 64.88776274776106], "AW": [19.678137236794814, 47.270585201911835], "AX": [22.233864005260624, 49.40827134812283], "AY": [15.997880082467475, 62.897100711686605], "AZ": [11.053890706586545, 60.37199520754301], "BA": [15.164199036224838, 77.63718787254587], "BB": [16.366346458648408, 70.16662311066474]}