{"AA": [22.0, 75.0], "AB": [18.0, 75.0], "AC": [10.0, 35.0], "AD": [8.0, 45.0], "AE": [5.0, 35.0], "AF": [5.0, 45.0], "AG": [0.0, 40.0], "AH": [25.0, 85.0], "AI": [22.0, 85.0], "AJ": [20.0, 80.0], "AK": [20.0, 85.0], "AL": [15.0, 75.0], "AM": [15.0, 80.0], "AN": [10.0, 40.0], "AO": [0.8403139159896739, 50.00916271037545], "AP": [16.905599685754336, 65.47190787372503], "AQ": [17.414715183352275, 52.04983841429619], "AR": [24.572874969058002, 74.69314553941888], "AS": [20.88303334083205, 84.39279527446999], "AT": [14.535661119562961, 72.59506728883434], "AU": [1.6864711550355875, 65.75141830426536], "AV": [19.48305689201875, 35.38689543706593], "AW": [9.046415910054389, 83.00147955812723], "AX": [17.60223598766145, 71.8647284535277], "AY": [19.169403292505606, 43.42192098941585], "AZ": [8.46994450332629, 39.77564878649968], "BA": [11.34919968794299, 69.92702212971625], "BB": [19.907017868184173, 59.19976695184354]}