{"AA": [22.0, 75.0], "AB": [20.0, 80.0], "AC": [20.0, 85.0], "AD": [15.0, 80.0], "AE": [8.0, 40.0], "AF": [8.0, 45.0], "AG": [5.0, 45.0], "AH": [25.0, 85.0], "AI": [22.0, 85.0], "AJ": [18.0, 75.0], "AK": [15.0, 75.0], "AL": [10.0, 35.0], "AM": [10.0, 40.0], "AN": [5.0, 35.0], "AO": [9.299078746383492, 76.26210490191525], "AP": [9.894578170299745, 67.10657902829595], "AQ": [20.0724983636989, 78.27302743616099], "AR": [14.670804618010498, 61.23284372621957], "AS": [11.113793374254353, 52.28146605055329], "AT": [13.350831816599118, 54.616410413628955], "AU": [14.689329976899568, 80.05154932619806], "AV": [11.102393385778855, 75.71760039215022], "AW": [8.414130779001729, 81.19969691491266], "AX": [16.96161800238348, 67.56581788478826], "AY": [6.5906155185315125, 65.37041867250402], "AZ": [9.451725694619153, 73.2042695731412], "BA": [22.158487359749344, 43.998132462667066], "BB": [14.222999800990054, 83.83528277207358]}