{"AA": [42.0, 66.0], "AB": [42.0, 65.0], "AC": [40.0, 69.0], "AD": [38.0, 68.0], "AE": [38.0, 70.0], "AF": [45.0, 68.0], "AG": [45.0, 70.0], "AH": [42.0, 68.0], "AI": [40.0, 66.0], "AJ": [35.0, 66.0], "AK": [40.26355517963271, 69.44519225250602], "AL": [38.10619832491105, 67.80021199636185], "AM": [41.39666245586824, 67.66018973117983], "AN": [35.25534592838595, 68.99109374913662], "AO": [41.25221744167507, 69.47568506693729], "AP": [40.190435852153016, 67.72347800245501], "AQ": [40.89145738526362, 66.58297669499127], "AR": [42.26292266038277, 69.39886159744604], "AS": [35.40427790035116, 65.0304462575997], "AT": [39.481917097251966, 66.21845874549894]}