{"AA": [45.0, 68.0], "AB": [42.0, 66.0], "AC": [42.0, 65.0], "AD": [40.0, 69.0], "AE": [40.0, 66.0], "AF": [45.0, 70.0], "AG": [42.0, 68.0], "AH": [38.0, 70.0], "AI": [35.0, 66.0], "AJ": [35.0, 69.0], "AK": [39.63278908640147, 66.40567413449963], "AL": [36.5222823573763, 65.30142406529421], "AM": [41.00378983767647, 69.9907148270961], "AN": [35.99439366155116, 67.46965578299782], "AO": [43.39931280660208, 66.37280545412474], "AP": [38.705283232219806, 65.00746309163355], "AQ": [35.981504046713674, 66.58384760978112], "AR": [42.249673862967846, 65.77793333764896], "AS": [41.89091362524981, 68.62870240051353], "AT": [42.96589250051984, 69.98624196144898]}