{"AA": [45.0, 68.0], "AB": [42.0, 65.0], "AC": [40.0, 69.0], "AD": [40.0, 66.0], "AE": [38.0, 68.0], "AF": [45.0, 70.0], "AG": [42.0, 66.0], "AH": [42.0, 68.0], "AI": [38.0, 70.0], "AJ": [35.0, 69.0], "AK": [40.92441979169151, 65.84602469474787], "AL": [37.19321664731855, 68.28998261133988], "AM": [39.07706011894402, 69.72373679650744], "AN": [37.193381308515825, 66.69903402125684], "AO": [37.0122827265426, 65.1642770326929], "AP": [43.99398389027509, 67.96286799945996], "AQ": [35.94754267435875, 66.32185773349211], "AR": [44.125198386663065, 68.3257173201239], "AS": [38.09799507358014, 66.62657013626702], "AT": [35.14212461595787, 69.08052414452655]}