{"AA": [45.0, 70.0], "AB": [42.0, 66.0], "AC": [42.0, 65.0], "AD": [40.0, 69.0], "AE": [40.0, 66.0], "AF": [45.0, 68.0], "AG": [42.0, 68.0], "AH": [38.0, 68.0], "AI": [38.0, 70.0], "AJ": [35.0, 66.0], "AK": [38.95696956085265, 69.45311135637992], "AL": [40.144896059359546, 67.59522492799694], "AM": [38.58509940096269, 67.41703356086786], "AN": [44.07042347746245, 66.63386295596055], "AO": [36.83271900355913, 66.4029017010213], "AP": [38.38040910891456, 68.17562655195543], "AQ": [44.04410143135007, 67.22709074971324], "AR": [42.45969563229263, 68.14565988052144], "AS": [36.465806147717686, 65.73200125310372], "AT": [35.25637184147131, 69.31728824403093]}