{"AA": [45.0, 68.0], "AB": [42.0, 66.0], "AC": [42.0, 65.0], "AD": [40.0, 69.0], "AE": [40.0, 66.0], "AF": [45.0, 70.0], "AG": [42.0, 68.0], "AH": [38.0, 70.0], "AI": [35.0, 66.0], "AJ": [35.0, 69.0], "AK": [43.151238319680644, 68.81858812735378], "AL": [37.644364243474044, 66.78490811958343], "AM": [44.12147906706926, 66.6846049170678], "AN": [39.93418694590977, 69.6509411580958], "AO": [38.637245393616865, 69.24636334755311], "AP": [41.280831671795916, 69.79571908447231], "AQ": [36.699822304534585, 67.57432430662303], "AR": [42.75821591484864, 68.79526727435547], "AS": [35.968524420248826, 67.85220142315276], "AT": [43.08389569873994, 65.0921060195329]}