{"AA": [52.0, 75.0], "AB": [45.0, 70.0], "AC": [62.0, 69.0], "AD": [42.0, 65.0], "AE": [16.0, 42.0], "AF": [60.0, 66.0], "AG": [58.0, 70.0], "AH": [35.0, 66.0], "AI": [35.0, 69.0], "AJ": [25.0, 85.0], "AK": [28.56209443327453, 77.92402348218913], "AL": [31.52124065684255, 60.45323706559114], "AM": [52.09691509328669, 43.4840607456878], "AN": [22.159126306562968, 82.3247001645135], "AO": [26.420342502072433, 81.01891170340431], "AP": [16.12228204025682, 80.66261313723614], "AQ": [51.97108849292504, 59.76750963158692], "AR": [21.702811578245097, 69.02040301131507], "AS": [45.33307443465367, 55.662682009257985], "AT": [41.4285699299434, 46.679629867884046]}