{"AA": [52.0, 75.0], "AB": [45.0, 70.0], "AC": [60.0, 66.0], "AD": [42.0, 65.0], "AE": [28.0, 70.0], "AF": [62.0, 69.0], "AG": [16.0, 42.0], "AH": [58.0, 70.0], "AI": [34.0, 60.0], "AJ": [35.0, 69.0], "AK": [24.77851989798353, 58.04625218890567], "AL": [18.55709656717121, 58.71023287493366], "AM": [29.726623527090442, 53.331248831279844], "AN": [26.329991393807127, 49.31522979198096], "AO": [25.43746697235764, 60.02889005466086], "AP": [55.335409275742926, 69.20012165484516], "AQ": [57.21115708607627, 69.23291656789047], "AR": [42.08432450974625, 69.57181391327194], "AS": [57.80805220042849, 67.14577609502342], "AT": [29.299953721794814, 63.39485028871721]}