{"AA": [52.0, 75.0], "AB": [45.0, 70.0], "AC": [60.0, 66.0], "AD": [42.0, 65.0], "AE": [16.0, 42.0], "AF": [62.0, 69.0], "AG": [28.0, 70.0], "AH": [35.0, 66.0], "AI": [35.0, 69.0], "AJ": [25.0, 85.0], "AK": [28.014078756210548, 67.4286108192178], "AL": [30.80857291894328, 75.28640725507262], "AM": [36.48884206184087, 65.63677140055614], "AN": [32.751750744176704, 52.44236488591136], "AO": [59.22232711075554, 49.07877947035622], "AP": [23.293410111226986, 50.01424960572708], "AQ": [60.399287205453284, 73.19100974056603], "AR": [48.95943812891743, 66.10157115031475], "AS": [29.422342451948325, 72.60237153626633], "AT": [51.39232414192602, 82.65433364815092]}