{"AA": [52.0, 75.0], "AB": [45.0, 70.0], "AC": [62.0, 69.0], "AD": [60.0, 66.0], "AE": [42.0, 65.0], "AF": [58.0, 70.0], "AG": [34.0, 60.0], "AH": [28.0, 70.0], "AI": [25.0, 85.0], "AJ": [22.0, 75.0], "AK": [58.49517562628398, 84.80846415927961], "AL": [48.927150100887154, 62.777815923958535], "AM": [55.274996297470956, 60.86476852699458], "AN": [22.592498767562176, 67.50004293881804], "AO": [56.77642478681582, 63.533903675550704], "AP": [51.32883627903691, 75.95613287583208], "AQ": [36.5697912348861, 67.22591389210282], "AR": [28.898747406479693, 75.7110624971255], "AS": [58.178304532350516, 77.97959100906553], "AT": [29.409960264128866, 66.69105421587845]}