{"AA": [52.0, 75.0], "AB": [45.0, 70.0], "AC": [62.0, 69.0], "AD": [60.0, 66.0], "AE": [42.0, 65.0], "AF": [58.0, 70.0], "AG": [34.0, 60.0], "AH": [28.0, 70.0], "AI": [25.0, 85.0], "AJ": [22.0, 75.0], "AK": [23.448221753779933, 60.54239608978791], "AL": [41.25891629774215, 71.08545627459527], "AM": [50.59263365374389, 71.94094055594346], "AN": [39.829546662556695, 65.34863570704105], "AO": [57.677664447833884, 81.73039270066184], "AP": [22.0995502296824, 68.1472669975763], "AQ": [30.967644980035004, 84.69473456122729], "AR": [25.181156637191044, 81.6241433090923], "AS": [51.57081530980402, 67.70934480208409], "AT": [33.91616093041408, 83.56756068676764]}