{"AA": [41.0, 49.0], "AB": [35.0, 17.0], "AC": [15.0, 30.0], "AD": [25.0, 30.0], "AE": [10.0, 43.0], "AF": [55.0, 45.0], "AG": [55.0, 20.0], "AH": [20.0, 50.0], "AI": [55.0, 60.0], "AJ": [30.0, 60.0], "AK": [31.531156265602593, 55.22713747883017], "AL": [10.634571857666607, 27.35676130383494], "AM": [16.472596371444066, 46.8932686319129], "AN": [42.995357889174116, 44.620138974237555], "AO": [28.21181473799548, 58.71811200920883], "AP": [26.843259387069867, 50.40597719752443], "AQ": [16.97455115687844, 19.52936203645264], "AR": [31.74598986365256, 59.543472900595596], "AS": [25.42504322462741, 17.107273854919857], "AT": [54.688432144698886, 40.97777019246625]}