{"AA": [35.0, 17.0], "AB": [55.0, 45.0], "AC": [15.0, 30.0], "AD": [55.0, 60.0], "AE": [50.0, 35.0], "AF": [41.0, 49.0], "AG": [55.0, 20.0], "AH": [25.0, 30.0], "AI": [20.0, 50.0], "AJ": [10.0, 43.0], "AK": [19.769263655676752, 37.9952343158459], "AL": [49.90713034155144, 25.769739141595068], "AM": [34.38633460911947, 27.308163273428683], "AN": [49.70929232746853, 38.55251048771859], "AO": [10.024849620948142, 56.90589601937716], "AP": [20.53007958649504, 39.197078430427524], "AQ": [37.665339019777605, 26.152417981162856], "AR": [31.384439797737592, 49.45811558424195], "AS": [34.039851046839864, 49.092001765181585], "AT": [21.419966724684095, 23.15414964672118]}