{"AA": [35.0, 17.0], "AB": [15.0, 30.0], "AC": [10.0, 43.0], "AD": [20.0, 65.0], "AE": [15.0, 10.0], "AF": [41.0, 49.0], "AG": [55.0, 45.0], "AH": [55.0, 20.0], "AI": [25.0, 30.0], "AJ": [20.0, 50.0], "AK": [44.504199495948825, 17.935697352886134], "AL": [44.58789299255928, 44.46018870928053], "AM": [32.44624105442725, 21.155020901000924], "AN": [36.64287264002863, 25.5014517923063], "AO": [15.896357588983545, 32.43455743030758], "AP": [45.04335343343412, 26.597003597080537], "AQ": [14.371111436391942, 63.69741751524304], "AR": [25.57942729918379, 54.18442850057611], "AS": [20.950135359947296, 28.688008015433777], "AT": [39.8802176397205, 38.29275507535063]}