{"AA": [15.0, 30.0], "AB": [20.0, 50.0], "AC": [10.0, 43.0], "AD": [55.0, 60.0], "AE": [30.0, 60.0], "AF": [41.0, 49.0], "AG": [35.0, 17.0], "AH": [55.0, 45.0], "AI": [55.0, 20.0], "AJ": [25.0, 30.0], "AK": [13.733308103007463, 46.11057530565537], "AL": [15.618084026307926, 22.245160887897725], "AM": [16.616788581051885, 36.11470827428798], "AN": [10.806582362729785, 18.540267795086063], "AO": [42.19482870012586, 46.80853662173868], "AP": [10.00867047834736, 34.065666087845], "AQ": [42.79420293676128, 29.941970824529108], "AR": [30.808804538894382, 50.02086571264572], "AS": [22.040288855052566, 26.333939271031824], "AT": [48.94666377363108, 36.42798127639301]}