{"AA": [35.0, 17.0], "AB": [20.0, 50.0], "AC": [10.0, 43.0], "AD": [55.0, 60.0], "AE": [50.0, 35.0], "AF": [41.0, 49.0], "AG": [55.0, 45.0], "AH": [55.0, 20.0], "AI": [15.0, 30.0], "AJ": [25.0, 30.0], "AK": [39.214230739026156, 21.35907654081565], "AL": [34.729778851222825, 45.137124290826364], "AM": [24.092928311342682, 44.54195598580108], "AN": [28.070203756560232, 52.69975155729412], "AO": [14.942542693695945, 48.7590064955299], "AP": [32.38633304314446, 54.373155444590914], "AQ": [25.319061824687473, 38.64302639211229], "AR": [43.57317277281054, 49.479054194090025], "AS": [12.697586154363105, 49.03787542767233], "AT": [25.416094635265672, 52.058368318685]}