{"AA": [35.0, 17.0], "AB": [55.0, 20.0], "AC": [25.0, 30.0], "AD": [20.0, 65.0], "AE": [50.0, 35.0], "AF": [41.0, 49.0], "AG": [55.0, 45.0], "AH": [15.0, 30.0], "AI": [20.0, 50.0], "AJ": [10.0, 43.0], "AK": [34.926920581301545, 18.510717846057894], "AL": [29.933383516452515, 19.391904850574587], "AM": [54.2755806365544, 41.103168785391404], "AN": [26.685335804299868, 35.110610249533046], "AO": [25.29227353654044, 47.31095976215766], "AP": [47.19131043704916, 30.518942956121982], "AQ": [23.664368374603207, 20.272860410810082], "AR": [23.153830512180797, 60.72214173757298], "AS": [33.85761790643731, 41.039811850298406], "AT": [45.956352163531726, 36.717392969661496]}