{"AA": [41.0, 49.0], "AB": [35.0, 17.0], "AC": [20.0, 50.0], "AD": [10.0, 43.0], "AE": [55.0, 60.0], "AF": [55.0, 45.0], "AG": [55.0, 20.0], "AH": [15.0, 30.0], "AI": [25.0, 30.0], "AJ": [30.0, 60.0], "AK": [50.1503410945104, 17.433533028791768], "AL": [31.145716661047583, 57.460856774063515], "AM": [20.40143044022466, 30.257769864742855], "AN": [14.696470453832145, 43.520933257380634], "AO": [41.68399482165438, 19.098804112617927], "AP": [38.190623441119946, 17.108785732534805], "AQ": [20.7986259599818, 52.58583667374178], "AR": [42.45064402541285, 49.58246182217327], "AS": [52.771116627582465, 42.52630290176482], "AT": [54.14844530148892, 46.19626263054555]}