{"AA": [55.0, 45.0], "AB": [15.0, 30.0], "AC": [25.0, 30.0], "AD": [20.0, 50.0], "AE": [30.0, 60.0], "AF": [41.0, 49.0], "AG": [35.0, 17.0], "AH": [55.0, 20.0], "AI": [10.0, 43.0], "AJ": [55.0, 60.0], "AK": [47.047993256764336, 21.791894283124236], "AL": [38.63265639145277, 42.290109023640994], "AM": [17.34281186472493, 39.07249246136054], "AN": [31.326778377751662, 23.842255391019307], "AO": [12.399048626992702, 22.590001207701786], "AP": [50.82565589538256, 24.36118416116296], "AQ": [49.37965846724174, 53.827393519512], "AR": [49.2900401068132, 27.675691402508413], "AS": [16.311307850587955, 40.09653235928084], "AT": [34.46440744702505, 49.4251157797547]}