{"AA": [35.0, 17.0], "AB": [15.0, 30.0], "AC": [10.0, 43.0], "AD": [30.0, 60.0], "AE": [50.0, 35.0], "AF": [41.0, 49.0], "AG": [55.0, 45.0], "AH": [55.0, 20.0], "AI": [25.0, 30.0], "AJ": [20.0, 50.0], "AK": [37.00491648340549, 34.46667769067277], "AL": [40.52436322678109, 28.028007265382907], "AM": [10.434781088600264, 41.20069493201412], "AN": [25.130785701719503, 40.14506334232375], "AO": [45.66473576449779, 29.486703207566215], "AP": [40.66659217839329, 50.40710952354462], "AQ": [19.767533872135814, 23.816412601742094], "AR": [42.73397892249644, 53.58053400948754], "AS": [18.547430602805413, 24.57437068933613], "AT": [14.912660518048607, 25.17057948441141]}