{"AA": [41.0, 49.0], "AB": [55.0, 45.0], "AC": [15.0, 30.0], "AD": [25.0, 30.0], "AE": [20.0, 50.0], "AF": [35.0, 17.0], "AG": [55.0, 20.0], "AH": [55.0, 60.0], "AI": [30.0, 25.0], "AJ": [30.0, 5.0], "AK": [49.16198657570301, 52.792422640252184], "AL": [31.52310359085785, 15.265799893762013], "AM": [40.24940591029974, 55.90930586643965], "AN": [33.097828210939554, 42.646763190712264], "AO": [40.28040617334479, 53.99699979310683], "AP": [16.940995966650615, 24.265493057492492], "AQ": [26.192398781500565, 18.89407815200888], "AR": [21.937243328677916, 6.227965697188882], "AS": [28.508376342060142, 51.752898502089295], "AT": [36.76445167963486, 26.400508858024477]}