{"AA": [41.0, 49.0], "AB": [35.0, 17.0], "AC": [55.0, 45.0], "AD": [55.0, 20.0], "AE": [25.0, 30.0], "AF": [15.0, 30.0], "AG": [10.0, 43.0], "AH": [55.0, 60.0], "AI": [30.0, 60.0], "AJ": [30.0, 5.0], "AK": [38.16761619355243, 48.29804299776669], "AL": [21.81460932673958, 6.412768194434622], "AM": [11.342788628273539, 34.96854867115531], "AN": [36.41155520852175, 31.02893991192535], "AO": [27.844742783390693, 10.664745944989754], "AP": [37.613643163397704, 10.56286014939412], "AQ": [11.540297466131005, 8.294315510165003], "AR": [54.48490009256053, 49.46072572637843], "AS": [46.93635769650548, 32.86265011507996], "AT": [49.14242144949485, 32.33860422545887]}