{"AA": [35.0, 17.0], "AB": [55.0, 20.0], "AC": [20.0, 50.0], "AD": [10.0, 43.0], "AE": [55.0, 60.0], "AF": [41.0, 49.0], "AG": [55.0, 45.0], "AH": [15.0, 30.0], "AI": [25.0, 30.0], "AJ": [20.0, 65.0], "AK": [45.502818156778005, 41.75036588672555], "AL": [26.40030717838545, 29.5013330154244], "AM": [52.05798275089033, 53.40864273564354], "AN": [31.299789622869216, 22.42662317912163], "AO": [15.543565588268612, 20.33073114394346], "AP": [33.392515514772434, 22.078258578820233], "AQ": [25.65640999997413, 34.30930677469619], "AR": [18.71218326060928, 64.08874230046709], "AS": [33.7549005900369, 32.18185999982232], "AT": [54.92578951052508, 26.677176671177506]}