{"AA": [20.0, 85.0], "AB": [15.0, 75.0], "AC": [15.0, 80.0], "AD": [10.0, 35.0], "AE": [8.0, 45.0], "AF": [25.0, 85.0], "AG": [22.0, 75.0], "AH": [22.0, 85.0], "AI": [20.0, 80.0], "AJ": [18.0, 75.0], "AK": [9.149952071750988, 76.66307893509455], "AL": [8.643325730976656, 64.91097970974643], "AM": [11.659645691134322, 56.08710465401375], "AN": [21.3154644775709, 35.272567804727124], "AO": [11.080846880645655, 45.09446968375335], "AP": [19.70419425292382, 53.68677440263991], "AQ": [20.93602678269628, 73.50740898962954], "AR": [19.003430061826233, 60.112794158412285], "AS": [23.51514560129842, 47.399577962012444], "AT": [16.041225449058462, 44.28178215798061]}