{"AA": [25.0, 85.0], "AB": [22.0, 75.0], "AC": [18.0, 75.0], "AD": [15.0, 75.0], "AE": [10.0, 35.0], "AF": [22.0, 85.0], "AG": [20.0, 80.0], "AH": [20.0, 85.0], "AI": [15.0, 80.0], "AJ": [8.0, 40.0], "AK": [21.66677637109389, 82.29683349804924], "AL": [21.617573903627736, 62.91118507551509], "AM": [21.016618944126492, 61.642240223123096], "AN": [18.28120784389193, 58.51033272829797], "AO": [14.098759089681266, 61.86146787086719], "AP": [15.901643905153385, 58.074133548232346], "AQ": [19.433315877120794, 39.146828284167334], "AR": [23.00029807820718, 74.15289826549358], "AS": [15.788977578513443, 63.506512210343786], "AT": [12.8282314446743, 43.758081505687585]}