{"AA": [25.0, 85.0], "AB": [22.0, 75.0], "AC": [18.0, 75.0], "AD": [15.0, 80.0], "AE": [10.0, 35.0], "AF": [22.0, 85.0], "AG": [20.0, 80.0], "AH": [20.0, 85.0], "AI": [15.0, 75.0], "AJ": [10.0, 40.0], "AK": [19.78693731042922, 39.6485077510439], "AL": [14.441488599554916, 53.27647907271738], "AM": [17.09254143860361, 70.6424451017958], "AN": [18.436715000179284, 65.31913133167838], "AO": [15.314219112287677, 73.14457452846725], "AP": [18.75316078221747, 70.57686294704854], "AQ": [15.76361805941971, 52.301266451981675], "AR": [14.676226696842457, 69.28915468517997], "AS": [10.143492267147408, 84.91591473400054], "AT": [19.142216849078594, 44.79295489733644]}