{"AA": [25.0, 85.0], "AB": [22.0, 75.0], "AC": [20.0, 80.0], "AD": [20.0, 85.0], "AE": [15.0, 75.0], "AF": [22.0, 85.0], "AG": [18.0, 75.0], "AH": [10.0, 35.0], "AI": [10.0, 40.0], "AJ": [5.0, 35.0], "AK": [13.114730287853755, 81.44337105019991], "AL": [9.878878278117703, 65.80632158735956], "AM": [13.539671345263208, 71.40506766979553], "AN": [21.153237713825835, 78.89357240917376], "AO": [23.778225267451305, 60.22857800607599], "AP": [23.540857308243154, 46.935117329031044], "AQ": [15.97074059881522, 40.666462208749856], "AR": [8.843227772056135, 43.37480808819084], "AS": [19.338437385127, 79.70137141384137], "AT": [7.155777048597742, 76.86820512470538]}