{"AA": [22.0, 75.0], "AB": [18.0, 75.0], "AC": [10.0, 35.0], "AD": [8.0, 45.0], "AE": [5.0, 35.0], "AF": [25.0, 85.0], "AG": [22.0, 85.0], "AH": [20.0, 80.0], "AI": [20.0, 85.0], "AJ": [15.0, 75.0], "AK": [13.25580414334577, 71.63516958090656], "AL": [5.672368126684388, 36.39899524076279], "AM": [17.621327286837367, 84.63018146240174], "AN": [5.4907695183313265, 65.14933583363975], "AO": [12.70855052520201, 73.94619117862193], "AP": [16.89456623470543, 72.10920746802961], "AQ": [15.083394569243165, 68.30231561616577], "AR": [20.970165153079353, 82.76451965261188], "AS": [17.650775228647326, 68.21231880328062], "AT": [10.832457480379592, 76.01815144233097]}