{"AA": [22.0, 75.0], "AB": [22.0, 85.0], "AC": [20.0, 85.0], "AD": [15.0, 80.0], "AE": [8.0, 40.0], "AF": [25.0, 85.0], "AG": [20.0, 80.0], "AH": [18.0, 75.0], "AI": [15.0, 75.0], "AJ": [10.0, 35.0], "AK": [12.420216451126368, 55.881112945958904], "AL": [23.681599431932174, 54.209347144797874], "AM": [22.502827932125975, 57.868908823640325], "AN": [13.467505842160591, 56.99844384799289], "AO": [15.62371585310883, 67.36232108090263], "AP": [11.074751271802146, 69.18843356957936], "AQ": [14.24563216642813, 62.92254737377965], "AR": [12.61361270876688, 49.42545043355635], "AS": [17.282018701346296, 63.046686451794784], "AT": [20.12688723321336, 57.541376560471136]}