{"AA": [25.0, 85.0], "AB": [22.0, 85.0], "AC": [15.0, 75.0], "AD": [8.0, 45.0], "AE": [0.0, 40.0], "AF": [22.0, 75.0], "AG": [20.0, 80.0], "AH": [20.0, 85.0], "AI": [18.0, 75.0], "AJ": [15.0, 80.0], "AK": [4.520911017658688, 78.19443550782844], "AL": [17.243393128439884, 64.3591550919574], "AM": [22.23655356717721, 54.231439476449935], "AN": [3.465544825845959, 45.52524502657275], "AO": [8.560138379042195, 53.806767789971445], "AP": [16.60737657834511, 46.04947245765192], "AQ": [1.0901555223467447, 58.43718694328601], "AR": [5.910629995616803, 65.05746485657522], "AS": [12.794054302242387, 66.36706228252555], "AT": [8.542101689782916, 54.0583571957102]}